"","Axis.1","Axis.2","site","year","HydroBasin","Country"
"S10015_2005",-0.182782963844716,-0.0581957234297034,"S10015",2005,"2080029400","FIN"
"S10015_2006",-0.157679297095659,-0.0175749183524119,"S10015",2006,"2080029400","FIN"
"S10015_2007",-0.121059677100143,-0.0088154065856435,"S10015",2007,"2080029400","FIN"
"S10015_2008",-0.104236367103837,-0.0378353945308618,"S10015",2008,"2080029400","FIN"
"S10015_2009",-0.13045404383236,-0.00455782777689702,"S10015",2009,"2080029400","FIN"
"S10015_2010",-0.10575147008463,0.000341736353924415,"S10015",2010,"2080029400","FIN"
"S10015_2011",-0.0762027462695351,0.0144844233596182,"S10015",2011,"2080029400","FIN"
"S10015_2012",-0.103926112373534,-0.0215983679943553,"S10015",2012,"2080029400","FIN"
"S10015_2013",-0.129667830458123,-0.0223464530862469,"S10015",2013,"2080029400","FIN"
"S10038_2005",-0.189977370811248,-0.0443369721047051,"S10038",2005,"2080029400","FIN"
"S10038_2006",-0.12790908158892,0.0074781924821014,"S10038",2006,"2080029400","FIN"
"S10038_2007",-0.172254726770884,-0.0159436340007097,"S10038",2007,"2080029400","FIN"
"S10038_2008",-0.148253626421616,-0.0156615130699728,"S10038",2008,"2080029400","FIN"
"S10038_2009",-0.138501877599739,0.00156178555584299,"S10038",2009,"2080029400","FIN"
"S10038_2010",-0.112321359410748,-0.0066482771363558,"S10038",2010,"2080029400","FIN"
"S10038_2011",-0.128495865935374,0.00513844649124757,"S10038",2011,"2080029400","FIN"
"S10038_2012",-0.124908087602199,-0.0577352628700671,"S10038",2012,"2080029400","FIN"
"S10038_2013",-0.0654245396947507,-0.0642826875638734,"S10038",2013,"2080029400","FIN"
"S10089_2004",-0.363501547883541,-0.0399198010539179,"S10089",2004,"7080049270","USA"
"S10089_2005",-0.43308551759886,-0.0466401767528051,"S10089",2005,"7080049270","USA"
"S10089_2006",-0.315873957256479,0.0106428871023972,"S10089",2006,"7080049270","USA"
"S10089_2007",-0.300149546892963,-0.00930523678425465,"S10089",2007,"7080049270","USA"
"S10089_2008",-0.327117919670759,-0.025475512856421,"S10089",2008,"7080049270","USA"
"S10089_2009",-0.310986599329751,-0.0220067945532648,"S10089",2009,"7080049270","USA"
"S10089_2010",-0.319083551281623,0.00315112590135422,"S10089",2010,"7080049270","USA"
"S10089_2011",-0.345295171298782,-0.0334580109637431,"S10089",2011,"7080049270","USA"
"S10089_2012",-0.372836123877356,-0.0432660939049343,"S10089",2012,"7080049270","USA"
"S10089_2013",-0.400124667898251,-0.0518859203871765,"S10089",2013,"7080049270","USA"
"S10203_2005",-0.0807747513694299,0.121805491305885,"S10203",2005,"7080047060","USA"
"S10203_2006",-0.0481928525975327,0.124085963178463,"S10203",2006,"7080047060","USA"
"S10203_2009",-0.0503947698236042,0.109280514272019,"S10203",2009,"7080047060","USA"
"S10203_2004",-0.00152563765342599,0.174258368664067,"S10203",2004,"7080047060","USA"
"S10203_2007",-0.0132581628771854,0.172702326248914,"S10203",2007,"7080047060","USA"
"S10203_2008",-0.032972661176621,0.142078438678492,"S10203",2008,"7080047060","USA"
"S10203_2011",-0.0627852287904081,0.095804795419651,"S10203",2011,"7080047060","USA"
"S10203_2012",-0.0869792606482587,0.0876350286626766,"S10203",2012,"7080047060","USA"
"S10203_2013",-0.0382269688537538,0.164815363097575,"S10203",2013,"7080047060","USA"
"S10203_2010",-0.015069081068894,0.0984708904770472,"S10203",2010,"7080047060","USA"
"S1026_2005",0.104347049450592,-0.0547084120499865,"S1026",2005,"2080033010","SWE"
"S1026_2004",0.0840719297066424,-0.0484069585118854,"S1026",2004,"2080033010","SWE"
"S1026_2006",0.060610765226638,-0.0391714962386062,"S1026",2006,"2080033010","SWE"
"S1026_2007",0.0639622914221311,-0.0422519146820627,"S1026",2007,"2080033010","SWE"
"S1026_2008",0.0380897652934792,-0.0348076233195061,"S1026",2008,"2080033010","SWE"
"S1026_2009",0.101030235163935,-0.0536761368793511,"S1026",2009,"2080033010","SWE"
"S1026_2010",-0.0806032466805052,0.000689238392914982,"S1026",2010,"2080033010","SWE"
"S1026_2011",-0.086592217819358,0.00332419404920757,"S1026",2011,"2080033010","SWE"
"S1026_2012",0.104175603005873,-0.0546553824401285,"S1026",2012,"2080033010","SWE"
"S1026_2013",0.00309890813895266,-0.0271789823892006,"S1026",2013,"2080033010","SWE"
"S1029_2007",0.0127610140347479,-0.0289617026119794,"S1029",2007,"2080033010","SWE"
"S1029_2011",-0.132276446877084,0.0248314816374647,"S1029",2011,"2080033010","SWE"
"S1029_2005",-0.034429214746564,-0.0177402155011963,"S1029",2005,"2080033010","SWE"
"S1029_2006",0.00728580222662026,-0.0278890966363289,"S1029",2006,"2080033010","SWE"
"S1029_2009",-0.0584346178496115,-0.00870719009257053,"S1029",2009,"2080033010","SWE"
"S1029_2012",-0.107760834302218,0.0174833072749532,"S1029",2012,"2080033010","SWE"
"S1029_2004",0.0435023328100231,-0.0363108708796866,"S1029",2004,"2080033010","SWE"
"S1029_2008",-0.0662372198249853,-0.00547752807432019,"S1029",2008,"2080033010","SWE"
"S1029_2010",-0.1041032492121,0.0112920851795919,"S1029",2010,"2080033010","SWE"
"S1029_2013",-0.0751962627655535,-0.0016672012980525,"S1029",2013,"2080033010","SWE"
"S1031_2007",0.0365387355041616,-0.034382106473987,"S1031",2007,"2080033010","SWE"
"S1031_2011",-0.0728635823294007,-0.00267213875531174,"S1031",2011,"2080033010","SWE"
"S1031_2005",-0.0355682727924621,-0.0173469361171071,"S1031",2005,"2080033010","SWE"
"S1031_2006",-0.133682273118181,0.0254954133245463,"S1031",2006,"2080033010","SWE"
"S1031_2009",0.029029577020525,-0.0324654187796525,"S1031",2009,"2080033010","SWE"
"S1031_2012",-0.159399654264716,0.0389745736052493,"S1031",2012,"2080033010","SWE"
"S1031_2004",-0.089135388378409,0.00445323436290823,"S1031",2004,"2080033010","SWE"
"S1031_2008",-0.0505144905470998,-0.01186333569639,"S1031",2008,"2080033010","SWE"
"S1031_2010",-0.0715038264612256,-0.00325547761342253,"S1031",2010,"2080033010","SWE"
"S1031_2013",-0.140444338221507,0.0286803478469711,"S1031",2013,"2080033010","SWE"
"S10328_2007",-0.00713926081581069,0.0910098953444053,"S10328",2007,"7080047060","USA"
"S10328_2008",0.0163726699792127,0.15086119192802,"S10328",2008,"7080047060","USA"
"S10328_2004",-0.095695658268503,0.150834899463907,"S10328",2004,"7080047060","USA"
"S10328_2012",-0.123758975012003,0.0908414109164494,"S10328",2012,"7080047060","USA"
"S10328_2006",-0.0425751196606583,0.162251059773213,"S10328",2006,"7080047060","USA"
"S10328_2009",0.0248702070154002,0.095708504836304,"S10328",2009,"7080047060","USA"
"S10328_2010",-0.0278766956913077,0.145491238052925,"S10328",2010,"7080047060","USA"
"S10328_2011",-0.114056636438695,0.116806044568618,"S10328",2011,"7080047060","USA"
"S10328_2013",-0.040813402960177,0.163668148406712,"S10328",2013,"7080047060","USA"
"S10328_2005",-0.0270235743182224,0.08628044130645,"S10328",2005,"7080047060","USA"
"S10329_2004",-0.355279175620336,-0.0376614585769465,"S10329",2004,"7080049270","USA"
"S10329_2005",-0.313573960099513,-0.0237586904336244,"S10329",2005,"7080049270","USA"
"S10329_2006",-0.321987467014958,-0.0283766855162679,"S10329",2006,"7080049270","USA"
"S10329_2007",-0.294164428053946,0.00621233836817361,"S10329",2007,"7080049270","USA"
"S10329_2008",-0.295622062102713,-0.0168817250638666,"S10329",2008,"7080049270","USA"
"S10329_2009",-0.287560182602847,0.0223139309308698,"S10329",2009,"7080049270","USA"
"S10329_2010",-0.304642862465072,0.0573893939333389,"S10329",2010,"7080049270","USA"
"S10329_2011",-0.361910709730261,-0.0387185305525434,"S10329",2011,"7080049270","USA"
"S10329_2012",-0.330156441265271,-0.029476853285621,"S10329",2012,"7080049270","USA"
"S10329_2013",-0.320716375942733,-0.0242098152226015,"S10329",2013,"7080049270","USA"
"S1034_2012",0.0313093220462425,0.107200986227019,"S1034",2012,"2080053790","GBR"
"S1034_2005",0.00413944825599668,0.0953048817486432,"S1034",2005,"2080053790","GBR"
"S1034_2007",0.0220539956166483,0.112904363792122,"S1034",2007,"2080053790","GBR"
"S1034_2004",0.0408783222488412,0.0951031565804978,"S1034",2004,"2080053790","GBR"
"S1034_2006",0.0234383155049489,0.101010127479401,"S1034",2006,"2080053790","GBR"
"S1034_2008",0.0170731580351651,0.103809896813379,"S1034",2008,"2080053790","GBR"
"S1034_2009",-0.00400219204270261,0.0599698521975219,"S1034",2009,"2080053790","GBR"
"S1034_2010",0.00257457536624149,0.0771441677365815,"S1034",2010,"2080053790","GBR"
"S1034_2011",-0.0508603869406459,0.083911040181012,"S1034",2011,"2080053790","GBR"
"S1034_2013",0.0232146809468244,0.0587782117353621,"S1034",2013,"2080053790","GBR"
"S1038_2005",0.0727944313355649,-0.044954236754976,"S1038",2005,"2080033010","SWE"
"S1038_2004",-0.0252619683985182,-0.0208677496594368,"S1038",2004,"2080033010","SWE"
"S1038_2006",-0.0794898028216313,0.000203578804093104,"S1038",2006,"2080033010","SWE"
"S1038_2007",-0.0428673969198781,-0.0137280680085977,"S1038",2007,"2080033010","SWE"
"S1038_2008",-0.114080455183308,0.0166185195959433,"S1038",2008,"2080033010","SWE"
"S1038_2009",-0.116689837743705,0.0173317249631019,"S1038",2009,"2080033010","SWE"
"S1038_2010",-0.0900146887700775,0.00484439652865972,"S1038",2010,"2080033010","SWE"
"S1038_2011",-0.0534351376629965,-0.0107156937488966,"S1038",2011,"2080033010","SWE"
"S1038_2012",0.0428259494744578,-0.0361217934932016,"S1038",2012,"2080033010","SWE"
"S1038_2013",0.0713622440544328,-0.0445141337460905,"S1038",2013,"2080033010","SWE"
"S1041_2004",0.258682717835239,-0.0493736949893334,"S1041",2004,"2080033020","SWE"
"S1041_2005",0.218299457881924,-0.0478055084781864,"S1041",2005,"2080033020","SWE"
"S1041_2006",0.210886861721005,-0.0355583553795888,"S1041",2006,"2080033020","SWE"
"S1041_2007",0.166107965546401,-0.0400129844124559,"S1041",2007,"2080033020","SWE"
"S1041_2010",0.213542137867754,-0.0508947596729523,"S1041",2010,"2080033020","SWE"
"S1041_2011",0.205034703142124,-0.047134988101861,"S1041",2011,"2080033020","SWE"
"S1041_2012",0.233969810720233,-0.0522073876748656,"S1041",2012,"2080033020","SWE"
"S1041_2013",0.228432405657785,-0.0495858763542953,"S1041",2013,"2080033020","SWE"
"S1041_2008",0.0637981800840106,-0.0115021046370978,"S1041",2008,"2080033020","SWE"
"S10458_2004",-0.0100631911356855,0.146458168721872,"S10458",2004,"7080047060","USA"
"S10458_2008",0.010541983398867,0.159606900725427,"S10458",2008,"7080047060","USA"
"S10458_2012",-0.0506057974363822,0.0912419479217133,"S10458",2012,"7080047060","USA"
"S10458_2009",0.0839491140283879,0.0805521524631214,"S10458",2009,"7080047060","USA"
"S10458_2011",0.091783539034457,0.100951970241242,"S10458",2011,"7080047060","USA"
"S10458_2013",0.0129580785212428,0.161059483581464,"S10458",2013,"7080047060","USA"
"S10458_2005",-0.0525884811897179,0.149676089119827,"S10458",2005,"7080047060","USA"
"S10458_2010",0.0731364492852808,0.102962202112244,"S10458",2010,"7080047060","USA"
"S10458_2006",-0.00561910234888875,0.157493709726422,"S10458",2006,"7080047060","USA"
"S10458_2007",0.0139280639633922,0.131284577246489,"S10458",2007,"7080047060","USA"
"S10459_2004",-0.364447081306502,-0.041706955764898,"S10459",2004,"7080049270","USA"
"S10459_2005",-0.38118385166737,-0.0467571110746437,"S10459",2005,"7080049270","USA"
"S10459_2006",-0.322336751004182,-0.0293500089250075,"S10459",2006,"7080049270","USA"
"S10459_2007",-0.410824637932233,-0.0566291701775294,"S10459",2007,"7080049270","USA"
"S10459_2008",-0.30465654465757,0.0560896320385324,"S10459",2008,"7080049270","USA"
"S10459_2009",-0.301540925771698,0.0462145687249372,"S10459",2009,"7080049270","USA"
"S10459_2010",-0.302749451893314,0.0599969133118152,"S10459",2010,"7080049270","USA"
"S10459_2011",-0.340468716240286,-0.0334304866855583,"S10459",2011,"7080049270","USA"
"S10459_2012",-0.359198153658654,-0.0392977836226406,"S10459",2012,"7080049270","USA"
"S10459_2013",-0.359674789197307,-0.0391726215488776,"S10459",2013,"7080049270","USA"
"S1054_2007",0.115611401903253,-0.0306915093578459,"S1054",2007,"2080033010","SWE"
"S1054_2011",0.0365387355041614,-0.034382106473987,"S1054",2011,"2080033010","SWE"
"S1054_2005",0.124131278916149,-0.0527946014877546,"S1054",2005,"2080033010","SWE"
"S1054_2006",0.0214764244196897,-0.0251433697450346,"S1054",2006,"2080033010","SWE"
"S1054_2009",-0.116451874236533,0.017218911403291,"S1054",2009,"2080033010","SWE"
"S1054_2012",-0.0939901710279293,0.0114306990046727,"S1054",2012,"2080033010","SWE"
"S1054_2004",0.141945790710161,-0.0666996492444076,"S1054",2004,"2080033010","SWE"
"S1054_2008",-0.084668022125957,0.00247623524119284,"S1054",2008,"2080033010","SWE"
"S1054_2010",-0.166113381577593,0.0444647597171308,"S1054",2010,"2080033010","SWE"
"S1054_2013",-0.0491826766456164,-0.00431829475451121,"S1054",2013,"2080033010","SWE"
"S10580_2005",0.0231100882250396,0.0983078416792114,"S10580",2005,"7080047060","USA"
"S10580_2006",0.0247097401077382,0.0793798811850379,"S10580",2006,"7080047060","USA"
"S10580_2007",0.0259837480747807,0.121251657824392,"S10580",2007,"7080047060","USA"
"S10580_2010",0.132588278946619,0.111425303779543,"S10580",2010,"7080047060","USA"
"S10580_2011",0.0965590777248404,0.111363386147095,"S10580",2011,"7080047060","USA"
"S10580_2004",0.0311698808602333,0.0791797570371903,"S10580",2004,"7080047060","USA"
"S10580_2013",0.0471389243423568,0.137259416846187,"S10580",2013,"7080047060","USA"
"S10580_2008",0.023787002275096,0.106494243918738,"S10580",2008,"7080047060","USA"
"S10580_2009",0.122797957038821,0.113884099297849,"S10580",2009,"7080047060","USA"
"S10580_2012",0.0179904820723363,0.103398388056662,"S10580",2012,"7080047060","USA"
"S1060_2004",0.189439202175526,-0.0579810796470369,"S1060",2004,"2080033020","SWE"
"S1060_2006",0.125419844130684,-0.0494955907379343,"S1060",2006,"2080033020","SWE"
"S1060_2007",0.229601997447787,-0.0504102517169775,"S1060",2007,"2080033020","SWE"
"S1060_2008",0.234544001227653,-0.0575300781820222,"S1060",2008,"2080033020","SWE"
"S1060_2009",0.237642986111056,-0.0566537513607547,"S1060",2009,"2080033020","SWE"
"S1060_2010",0.232628265118142,-0.0546060658550587,"S1060",2010,"2080033020","SWE"
"S1060_2011",0.194901224856951,-0.0456084517806277,"S1060",2011,"2080033020","SWE"
"S1060_2012",0.224725243563113,-0.0535580242194151,"S1060",2012,"2080033020","SWE"
"S1060_2013",0.217866607717923,-0.0509463637825653,"S1060",2013,"2080033020","SWE"
"S1060_2005",0.205923631751569,-0.0592904864510634,"S1060",2005,"2080033020","SWE"
"S1065_2011",0.141945790710161,-0.0666996492444077,"S1065",2011,"2080033010","SWE"
"S1065_2012",0.116650210875266,-0.058569598161628,"S1065",2012,"2080033010","SWE"
"S1065_2013",0.119901089210637,-0.059579676080286,"S1065",2013,"2080033010","SWE"
"S1065_2004",0.108885252641318,-0.0528756211274422,"S1065",2004,"2080033010","SWE"
"S1065_2006",0.141413683708985,-0.0613963620842323,"S1065",2006,"2080033010","SWE"
"S1065_2007",0.141945790710161,-0.0666996492444076,"S1065",2007,"2080033010","SWE"
"S1065_2008",0.134144839352073,-0.0635263585810825,"S1065",2008,"2080033010","SWE"
"S1065_2009",0.141945790710161,-0.0666996492444077,"S1065",2009,"2080033010","SWE"
"S1065_2010",0.133381608844856,-0.0632110740645729,"S1065",2010,"2080033010","SWE"
"S10806_2005",-0.0220405022157977,0.101321903710598,"S10806",2005,"7080047060","USA"
"S10806_2006",-0.0751076919554287,0.114458890507699,"S10806",2006,"7080047060","USA"
"S10806_2008",0.0609152736452659,0.118579274235932,"S10806",2008,"7080047060","USA"
"S10806_2010",0.0591097915228972,0.0788870498035328,"S10806",2010,"7080047060","USA"
"S10806_2013",-0.0838064397811364,0.0770596446323127,"S10806",2013,"7080047060","USA"
"S10806_2004",0.0391440344858866,0.0901427294994896,"S10806",2004,"7080047060","USA"
"S10806_2007",0.0218746519109306,0.0850035985202243,"S10806",2007,"7080047060","USA"
"S10806_2011",0.113982244395472,0.0784479993626771,"S10806",2011,"7080047060","USA"
"S10806_2012",0.0239225740557486,0.112708183036074,"S10806",2012,"7080047060","USA"
"S10806_2009",0.0610878477767455,0.129731421085013,"S10806",2009,"7080047060","USA"
"S1081_2004",0.115838605711716,-0.0583161206908114,"S1081",2004,"2080033020","SWE"
"S1081_2006",0.0365938347572432,-0.0301818208313375,"S1081",2006,"2080033020","SWE"
"S1081_2007",0.03919668012312,-0.0321732350937038,"S1081",2007,"2080033020","SWE"
"S1081_2008",0.172435788992066,-0.0522399455905607,"S1081",2008,"2080033020","SWE"
"S1081_2009",0.0949517108988927,-0.0375067601495199,"S1081",2009,"2080033020","SWE"
"S1081_2010",0.122115251115754,-0.0532606695640953,"S1081",2010,"2080033020","SWE"
"S1081_2011",0.18054392273186,-0.0491654145759766,"S1081",2011,"2080033020","SWE"
"S1081_2012",0.12774845940232,-0.0377070678929341,"S1081",2012,"2080033020","SWE"
"S1081_2013",0.0501147169683137,-0.0369214094816153,"S1081",2013,"2080033020","SWE"
"S1081_2005",0.14194579071016,-0.0666996492444077,"S1081",2005,"2080033020","SWE"
"S1087_2012",0.0192837499823654,0.10941742613694,"S1087",2012,"2080053790","GBR"
"S1087_2005",0.0223952780166526,0.106490397155754,"S1087",2005,"2080053790","GBR"
"S1087_2007",-0.0437056280592896,0.102590514437044,"S1087",2007,"2080053790","GBR"
"S1087_2004",0.0180534193425604,0.113531818708143,"S1087",2004,"2080053790","GBR"
"S1087_2006",0.0188543047664668,0.116891360389077,"S1087",2006,"2080053790","GBR"
"S1087_2008",0.000136196930471026,0.108870406268884,"S1087",2008,"2080053790","GBR"
"S1087_2009",0.0159484520398322,0.0886422072355997,"S1087",2009,"2080053790","GBR"
"S1087_2010",-0.00419202163853371,0.0935441881418165,"S1087",2010,"2080053790","GBR"
"S1087_2013",0.0204337574372727,0.102549383202591,"S1087",2013,"2080053790","GBR"
"S10918_2006",0.0370366844467531,0.189077754952907,"S10918",2006,"7080047060","USA"
"S10918_2008",0.00607873112815155,0.177594184483747,"S10918",2008,"7080047060","USA"
"S10918_2010",0.0185826207022779,0.0993062318938975,"S10918",2010,"7080047060","USA"
"S10918_2007",0.0200043495668339,0.168144452603704,"S10918",2007,"7080047060","USA"
"S10918_2012",0.0802069185613419,0.0520626596238384,"S10918",2012,"7080047060","USA"
"S10918_2013",0.00569582438346135,0.181024068348409,"S10918",2013,"7080047060","USA"
"S10918_2005",-0.19003531201581,0.0289879763907702,"S10918",2005,"7080047060","USA"
"S10918_2011",0.00250131333150194,0.183358347149138,"S10918",2011,"7080047060","USA"
"S10918_2004",-0.0246252058788617,0.134755225859706,"S10918",2004,"7080047060","USA"
"S10918_2009",0.0419115006891096,0.0891953467456957,"S10918",2009,"7080047060","USA"
"S1095_2007",-0.145829108363403,0.0319177928656154,"S1095",2007,"2080020120","ESP"
"S1095_2008",-0.169014698324672,0.0268590339603205,"S1095",2008,"2080020120","ESP"
"S1095_2010",-0.136001408529584,0.0314752794759693,"S1095",2010,"2080020120","ESP"
"S1095_2009",-0.152093736218461,0.0279044234003087,"S1095",2009,"2080020120","ESP"
"S1095_2004",-0.141551485057644,0.0323410813265538,"S1095",2004,"2080020120","ESP"
"S1095_2005",-0.134513143840716,0.0324391376230438,"S1095",2005,"2080020120","ESP"
"S1095_2006",-0.131807843270084,0.0303326783755426,"S1095",2006,"2080020120","ESP"
"S1095_2011",-0.152475389304257,0.0309607357414557,"S1095",2011,"2080020120","ESP"
"S1095_2012",-0.0437958046539162,0.0499277221873025,"S1095",2012,"2080020120","ESP"
"S1095_2013",-0.0823430777617439,0.0412840700987924,"S1095",2013,"2080020120","ESP"
"S1100_2004",0.273880222532561,0.0775526774008835,"S1100",2004,"2080033020","SWE"
"S1100_2005",0.277800919641007,-0.0119355324026657,"S1100",2005,"2080033020","SWE"
"S1100_2006",0.292494717655483,0.0445891521472345,"S1100",2006,"2080033020","SWE"
"S1100_2007",0.288060865141284,0.0122581086251426,"S1100",2007,"2080033020","SWE"
"S1100_2008",0.28854402634047,0.0223153204639852,"S1100",2008,"2080033020","SWE"
"S1100_2009",0.299087348976393,0.0274268513841467,"S1100",2009,"2080033020","SWE"
"S1100_2010",0.226845005207083,0.0648973123624097,"S1100",2010,"2080033020","SWE"
"S1100_2011",0.271558432476045,-0.0263363332851665,"S1100",2011,"2080033020","SWE"
"S1100_2012",0.276276528843507,-0.0237500442041202,"S1100",2012,"2080033020","SWE"
"S1100_2013",0.242734613687509,-0.0208107568705677,"S1100",2013,"2080033020","SWE"
"S1111_2004",0.187719983480549,0.0660932950290065,"S1111",2004,"2080033020","SWE"
"S1111_2005",0.137140596761942,-0.0571179409949129,"S1111",2005,"2080033020","SWE"
"S1111_2006",0.133427593262671,-0.0632301321594583,"S1111",2006,"2080033020","SWE"
"S1111_2007",0.164680544262833,-0.0304736594347248,"S1111",2007,"2080033020","SWE"
"S1111_2008",0.14194579071016,-0.0666996492444078,"S1111",2008,"2080033020","SWE"
"S1111_2009",0.132511504751126,-0.0163640621857941,"S1111",2009,"2080033020","SWE"
"S1111_2010",0.14194579071016,-0.0666996492444077,"S1111",2010,"2080033020","SWE"
"S1111_2011",0.144560733001774,-0.00395921878373197,"S1111",2011,"2080033020","SWE"
"S1111_2012",0.15766312023324,-0.0105716097220951,"S1111",2012,"2080033020","SWE"
"S1111_2013",0.155213288666315,-0.0462516357542032,"S1111",2013,"2080033020","SWE"
"S1112_2005",0.062757251441734,-0.0267928544142606,"S1112",2005,"2080033090","SWE"
"S1112_2008",0.0218111877061473,-0.0034800358308297,"S1112",2008,"2080033090","SWE"
"S1112_2004",0.0822661647041229,-0.00841074252072563,"S1112",2004,"2080033090","SWE"
"S1112_2006",0.070137373389508,-0.0322424320390089,"S1112",2006,"2080033090","SWE"
"S1112_2007",0.00144838029926666,-0.00944858892794778,"S1112",2007,"2080033090","SWE"
"S1112_2010",0.0987473123290828,0.00266049604122713,"S1112",2010,"2080033090","SWE"
"S1112_2011",-0.0140260651405815,0.0418795151573097,"S1112",2011,"2080033090","SWE"
"S1112_2012",0.050639133631187,-0.0124952373370496,"S1112",2012,"2080033090","SWE"
"S1112_2009",0.0599448637736379,-0.00252559131175964,"S1112",2009,"2080033090","SWE"
"S1112_2013",0.0178760684567629,0.106657663175783,"S1112",2013,"2080033090","SWE"
"S11151_2004",-0.202172401734874,0.0658939564549606,"S11151",2004,"7080047060","USA"
"S11151_2006",-0.0751999664182512,0.0623157240795583,"S11151",2006,"7080047060","USA"
"S11151_2007",-0.0212535694541227,0.109249286694705,"S11151",2007,"7080047060","USA"
"S11151_2010",-0.0673357238821825,0.0574608059091404,"S11151",2010,"7080047060","USA"
"S11151_2011",0.0247608434210138,0.114801010733146,"S11151",2011,"7080047060","USA"
"S11151_2005",-0.00586923338924947,0.0836904666169563,"S11151",2005,"7080047060","USA"
"S11151_2009",-0.0147128425264821,0.0474947615804021,"S11151",2009,"7080047060","USA"
"S11151_2013",-0.0461459139147686,0.0781182499116488,"S11151",2013,"7080047060","USA"
"S11151_2008",-0.0650207419413418,0.0712540031535726,"S11151",2008,"7080047060","USA"
"S11151_2012",-0.0760848435455484,0.0550786622713489,"S11151",2012,"7080047060","USA"
"S1117_2005",0.0697011734146588,-0.0699167155357183,"S1117",2005,"2080033090","SWE"
"S1117_2004",0.145986594362923,-0.01371815205245,"S1117",2004,"2080033090","SWE"
"S1117_2006",0.14194579071016,-0.0666996492444077,"S1117",2006,"2080033090","SWE"
"S1117_2007",0.0835397016403237,-0.0417507434000295,"S1117",2007,"2080033090","SWE"
"S1117_2010",0.107986578834132,-0.0404754631506038,"S1117",2010,"2080033090","SWE"
"S1117_2011",0.1483428567823,-0.0552656601193118,"S1117",2011,"2080033090","SWE"
"S1117_2012",0.0887440005833152,0.021924746566994,"S1117",2012,"2080033090","SWE"
"S1117_2013",0.119321844205708,0.0102186235580118,"S1117",2013,"2080033090","SWE"
"S1117_2009",0.148356313861481,-0.0433333952962746,"S1117",2009,"2080033090","SWE"
"S1121_2011",0.168610573006833,-0.0310918053917599,"S1121",2011,"2080033020","SWE"
"S1121_2004",0.270968652646508,0.0177879771026657,"S1121",2004,"2080033020","SWE"
"S1121_2005",0.26217039562945,-0.0462317640946991,"S1121",2005,"2080033020","SWE"
"S1121_2009",0.0724389372741087,-0.0188569264821552,"S1121",2009,"2080033020","SWE"
"S1121_2012",0.0695494699665317,-0.0171392266008898,"S1121",2012,"2080033020","SWE"
"S1121_2013",0.0110476641228584,-0.0155605532900769,"S1121",2013,"2080033020","SWE"
"S1121_2006",0.23599762135004,-0.0337290883428183,"S1121",2006,"2080033020","SWE"
"S1121_2008",0.250887700495449,-0.0435230915079376,"S1121",2008,"2080033020","SWE"
"S11264_2010",-0.199768303156243,0.0465880401187925,"S11264",2010,"7080047060","USA"
"S11264_2013",-0.186828100226708,0.0406816075355252,"S11264",2013,"7080047060","USA"
"S11264_2004",-0.0413157287622554,0.0856409825371664,"S11264",2004,"7080047060","USA"
"S11264_2005",-0.0178163260092661,0.0858613316482756,"S11264",2005,"7080047060","USA"
"S11264_2007",-0.090693602923892,0.105976556439056,"S11264",2007,"7080047060","USA"
"S11264_2008",-0.105247359812906,0.124670777913132,"S11264",2008,"7080047060","USA"
"S11264_2009",-0.0660555980077809,0.0991128255541708,"S11264",2009,"7080047060","USA"
"S11264_2011",-0.13934748641781,0.0593960722892333,"S11264",2011,"7080047060","USA"
"S11264_2006",-0.134045080743073,0.0925876162882686,"S11264",2006,"7080047060","USA"
"S11264_2012",-0.103978652212426,0.0367313389866225,"S11264",2012,"7080047060","USA"
"S11286_2008",0.0356436373698577,0.122222840513575,"S11286",2008,"2080053790","GBR"
"S11286_2009",0.0319202445208077,0.117675087489764,"S11286",2009,"2080053790","GBR"
"S11286_2006",-0.138584933928737,0.0530140310037559,"S11286",2006,"2080053790","GBR"
"S11286_2007",0.0300068158984151,0.129017462328154,"S11286",2007,"2080053790","GBR"
"S11286_2010",0.0276623494126907,0.125683691069976,"S11286",2010,"2080053790","GBR"
"S11286_2011",0.0212536357950958,0.124932492816239,"S11286",2011,"2080053790","GBR"
"S11286_2012",0.0297767755448796,0.130127163826959,"S11286",2012,"2080053790","GBR"
"S11286_2013",0.0414767690760239,0.126884579978013,"S11286",2013,"2080053790","GBR"
"S11286_2004",0.010012563111032,0.0961179221016422,"S11286",2004,"2080053790","GBR"
"S11286_2005",0.021117091312091,0.104784048855623,"S11286",2005,"2080053790","GBR"
"S1129_2007",0.249017422299369,-0.0560281774693823,"S1129",2007,"2080033020","SWE"
"S1129_2011",0.138190903734397,-0.0245413326756177,"S1129",2011,"2080033020","SWE"
"S1129_2004",0.232195179397733,-0.0201228689962339,"S1129",2004,"2080033020","SWE"
"S1129_2005",0.236174374905026,-0.0518291646986013,"S1129",2005,"2080033020","SWE"
"S1129_2009",0.16436651512177,-0.0304175979700172,"S1129",2009,"2080033020","SWE"
"S1129_2010",0.166749847457527,-0.0258104990043224,"S1129",2010,"2080033020","SWE"
"S1129_2012",0.14844508589768,-0.0298121067045042,"S1129",2012,"2080033020","SWE"
"S1129_2013",-0.0514015433364119,-0.0113325512094166,"S1129",2013,"2080033020","SWE"
"S1129_2006",0.140703731091777,-0.0219144707660326,"S1129",2006,"2080033020","SWE"
"S1129_2008",0.187592921242915,-0.0352162764632636,"S1129",2008,"2080033020","SWE"
"S1133_2008",-0.190123019539873,-0.0331524162283126,"S1133",2008,"2080021030","FRA"
"S1133_2012",-0.159484780752091,0.00194375315307245,"S1133",2012,"2080021030","FRA"
"S1133_2005",-0.162539630151453,-0.0398767511890073,"S1133",2005,"2080021030","FRA"
"S1133_2006",-0.156157282500072,-0.0145829214343753,"S1133",2006,"2080021030","FRA"
"S1133_2007",-0.177320809464282,-0.037405936149532,"S1133",2007,"2080021030","FRA"
"S1133_2009",-0.175853357749434,-0.0269469479069443,"S1133",2009,"2080021030","FRA"
"S1133_2011",-0.181821798528075,-0.0367253244653888,"S1133",2011,"2080021030","FRA"
"S1133_2010",-0.182473923621617,-0.0365264024611271,"S1133",2010,"2080021030","FRA"
"S1133_2013",-0.208992591343412,-0.053406949293518,"S1133",2013,"2080021030","FRA"
"S11383_2005",0.0773552005609049,0.116322750627509,"S11383",2005,"7080047060","USA"
"S11383_2006",-0.00114267874609432,0.110767006618719,"S11383",2006,"7080047060","USA"
"S11383_2008",-0.13152830541127,0.084359293832009,"S11383",2008,"7080047060","USA"
"S11383_2013",0.0272966788380078,0.103637482622884,"S11383",2013,"7080047060","USA"
"S11383_2011",0.113420164046275,0.00356687196579322,"S11383",2011,"7080047060","USA"
"S11383_2004",-0.0981779072963983,0.0712387822371809,"S11383",2004,"7080047060","USA"
"S11383_2007",0.106151358056666,0.0947154802316516,"S11383",2007,"7080047060","USA"
"S11383_2010",-0.111585190313034,0.079506961843504,"S11383",2010,"7080047060","USA"
"S11383_2009",-0.0318245431444598,0.0607215997020947,"S11383",2009,"7080047060","USA"
"S11383_2012",-0.154835990020382,0.0469141595267761,"S11383",2012,"7080047060","USA"
"S11384_2004",-0.0432935495305736,0.0595524290790186,"S11384",2004,"7080047060","USA"
"S11384_2005",-0.105358498791958,0.0140836894249732,"S11384",2005,"7080047060","USA"
"S11384_2006",-0.113064535666219,0.0227306046881525,"S11384",2006,"7080047060","USA"
"S11384_2007",-0.0158026042949303,0.0312656849650494,"S11384",2007,"7080047060","USA"
"S11384_2008",-0.09074172437905,0.0357250099098019,"S11384",2008,"7080047060","USA"
"S11384_2009",-0.0919513332834991,0.0367952193291035,"S11384",2009,"7080047060","USA"
"S11384_2010",0.0173815485391456,0.0619398201271065,"S11384",2010,"7080047060","USA"
"S11384_2011",-0.0198806446470502,0.017158853476741,"S11384",2011,"7080047060","USA"
"S11384_2012",-0.116356839145224,0.0210468524976485,"S11384",2012,"7080047060","USA"
"S11498_2004",-0.0883093085423927,0.0191753828906554,"S11498",2004,"7080047060","USA"
"S11498_2005",-0.0778029549983459,0.0165340508527531,"S11498",2005,"7080047060","USA"
"S11498_2006",-0.0233585399879353,0.054837924195996,"S11498",2006,"7080047060","USA"
"S11498_2007",-0.199346817499048,-0.0320655159228412,"S11498",2007,"7080047060","USA"
"S11498_2008",-0.164668161399364,0.00682701733820884,"S11498",2008,"7080047060","USA"
"S11498_2009",-0.119182787595727,0.0127880405429597,"S11498",2009,"7080047060","USA"
"S11498_2010",-0.106568129251164,0.00531354929302092,"S11498",2010,"7080047060","USA"
"S11498_2011",-0.12873386510389,0.00278472251084886,"S11498",2011,"7080047060","USA"
"S11498_2012",-0.189359764668083,-0.00785684409161197,"S11498",2012,"7080047060","USA"
"S1157_2008",-0.128918719810005,-0.0154637577287044,"S1157",2008,"2080021030","FRA"
"S1157_2004",-0.189133663254938,-0.0643811025725278,"S1157",2004,"2080021030","FRA"
"S1157_2005",-0.157405059310686,-0.0347802260149819,"S1157",2005,"2080021030","FRA"
"S1157_2006",-0.137770078417133,-0.0258169397817767,"S1157",2006,"2080021030","FRA"
"S1157_2007",-0.133209546332209,-0.0107869399626328,"S1157",2007,"2080021030","FRA"
"S1157_2009",-0.114265629387444,0.0010269357721418,"S1157",2009,"2080021030","FRA"
"S1157_2010",-0.147158813321792,-0.0261073973425463,"S1157",2010,"2080021030","FRA"
"S1157_2011",-0.120481825107797,-0.00157784845395063,"S1157",2011,"2080021030","FRA"
"S1157_2012",-0.11102422703294,-0.020289127747881,"S1157",2012,"2080021030","FRA"
"S1157_2013",-0.150881042037445,-0.0273045260462715,"S1157",2013,"2080021030","FRA"
"S1159_2008",-0.036061052436182,-0.0262078031558853,"S1159",2008,"2080021030","FRA"
"S1159_2004",-0.0714499110140523,0.00141684651372593,"S1159",2004,"2080021030","FRA"
"S1159_2005",-0.0740389309971204,0.00772353388183501,"S1159",2005,"2080021030","FRA"
"S1159_2006",-0.0253211832860966,-0.01682302515475,"S1159",2006,"2080021030","FRA"
"S1159_2007",-0.0277842995997578,-0.0188419934751317,"S1159",2007,"2080021030","FRA"
"S1159_2009",-0.0462084476071875,-0.0191637300012853,"S1159",2009,"2080021030","FRA"
"S1159_2010",-0.0373649539419381,-0.0109315769317593,"S1159",2010,"2080021030","FRA"
"S1159_2011",0.00488397032984849,-0.0366348605465858,"S1159",2011,"2080021030","FRA"
"S1159_2012",-0.00356784867828351,-0.0236936394916561,"S1159",2012,"2080021030","FRA"
"S1159_2013",-0.0232373233084766,-0.015718036272745,"S1159",2013,"2080021030","FRA"
"S11618_2005",-0.14483076479206,0.0407707977029843,"S11618",2005,"7080047060","USA"
"S11618_2010",-0.0632731308459292,0.0637789361819241,"S11618",2010,"7080047060","USA"
"S11618_2009",-0.0106320957866803,0.081865126729453,"S11618",2009,"7080047060","USA"
"S11618_2011",0.0221686190062795,0.0634478358617803,"S11618",2011,"7080047060","USA"
"S11618_2013",-0.163404450282827,0.0584866934659631,"S11618",2013,"7080047060","USA"
"S11618_2007",-0.0911101296230244,0.0657438311972346,"S11618",2007,"7080047060","USA"
"S11618_2008",-0.0178454170307342,0.0890245462208465,"S11618",2008,"7080047060","USA"
"S11618_2004",-0.180434703285401,0.078418013113798,"S11618",2004,"7080047060","USA"
"S11618_2006",-0.058529075672532,0.117331133919832,"S11618",2006,"7080047060","USA"
"S11618_2012",-0.127031152659494,0.0437433211302597,"S11618",2012,"7080047060","USA"
"S1173_2007",0.270762050358247,-0.0568367742527345,"S1173",2007,"2080033020","SWE"
"S1173_2011",0.258189560210297,-0.0532441079820441,"S1173",2011,"2080033020","SWE"
"S1173_2004",0.192281717388756,-0.0239131840196883,"S1173",2004,"2080033020","SWE"
"S1173_2005",0.252276134532344,-0.0500055042561666,"S1173",2005,"2080033020","SWE"
"S1173_2009",0.208860255209954,-0.046606723408823,"S1173",2009,"2080033020","SWE"
"S1173_2010",0.264646710818226,-0.0531937231693272,"S1173",2010,"2080033020","SWE"
"S1173_2012",0.250044880946232,-0.0257087243493024,"S1173",2012,"2080033020","SWE"
"S1173_2013",0.168617207722308,-0.0162848731896805,"S1173",2013,"2080033020","SWE"
"S1173_2006",0.0158673735238484,-0.010926432589614,"S1173",2006,"2080033020","SWE"
"S1173_2008",0.132407991593571,-0.0212891432242699,"S1173",2008,"2080033020","SWE"
"S1177_2004",0.144972597728822,-0.0620295052956128,"S1177",2004,"2080033080","SWE"
"S1177_2005",0.140831362952574,-0.0662465062501921,"S1177",2005,"2080033080","SWE"
"S1177_2006",0.135993999089404,-0.0642842242418813,"S1177",2006,"2080033080","SWE"
"S1177_2007",0.143579219378853,-0.0641661726320456,"S1177",2007,"2080033080","SWE"
"S1177_2008",0.14194579071016,-0.0666996492444075,"S1177",2008,"2080033080","SWE"
"S1177_2009",0.14194579071016,-0.0666996492444075,"S1177",2009,"2080033080","SWE"
"S1177_2010",0.139706272428086,-0.0657885391361032,"S1177",2010,"2080033080","SWE"
"S1177_2012",0.14194579071016,-0.0666996492444075,"S1177",2012,"2080033080","SWE"
"S1177_2013",0.14194579071016,-0.0666996492444075,"S1177",2013,"2080033080","SWE"
"S11784_2005",-0.142352174326332,0.031606750649797,"S11784",2005,"7080047060","USA"
"S11784_2011",-0.0735010893243583,0.0618845209895024,"S11784",2011,"7080047060","USA"
"S11784_2010",-0.0358867380338805,0.0677437378716702,"S11784",2010,"7080047060","USA"
"S11784_2013",-0.117145615116682,0.0346972390249969,"S11784",2013,"7080047060","USA"
"S11784_2004",-0.167353806901426,0.0138745159153897,"S11784",2004,"7080047060","USA"
"S11784_2006",-0.0715923809794263,0.0843387921770164,"S11784",2006,"7080047060","USA"
"S11784_2007",-0.0221082788835074,0.136778757313704,"S11784",2007,"7080047060","USA"
"S11784_2008",-0.0356225154848618,0.106437392960247,"S11784",2008,"7080047060","USA"
"S11784_2009",-0.0796284741331147,0.0443360870207584,"S11784",2009,"7080047060","USA"
"S11784_2012",-0.141867395683453,0.0397383351727239,"S11784",2012,"7080047060","USA"
"S11804_2004",0.0920675656667286,0.107550353060067,"S11804",2004,"7080047060","USA"
"S11804_2005",-0.290501925989437,-0.0234489122663718,"S11804",2005,"7080047060","USA"
"S11804_2006",-0.279918047797495,-0.0221776827514538,"S11804",2006,"7080047060","USA"
"S11804_2007",-0.160051880002943,0.00703775250456924,"S11804",2007,"7080047060","USA"
"S11804_2008",-0.143708773831033,-0.011680968413101,"S11804",2008,"7080047060","USA"
"S11804_2009",-0.288565106873124,-0.0126512331524207,"S11804",2009,"7080047060","USA"
"S11804_2010",-0.254953357663046,-0.0199001085804397,"S11804",2010,"7080047060","USA"
"S11804_2011",-0.292216444464779,-0.0138482913811324,"S11804",2011,"7080047060","USA"
"S11804_2012",-0.278546309069872,-0.0159250122842024,"S11804",2012,"7080047060","USA"
"S11816_2006",-0.143736346291405,0.0130116093164085,"S11816",2006,"7080047060","USA"
"S11816_2007",-0.0336381505918385,0.0587091401266005,"S11816",2007,"7080047060","USA"
"S11816_2008",-0.0386547134178566,0.0448056102906918,"S11816",2008,"7080047060","USA"
"S11816_2010",-0.0534585378305335,0.0486121888039671,"S11816",2010,"7080047060","USA"
"S11816_2013",-0.0359684188237462,0.0604065396354347,"S11816",2013,"7080047060","USA"
"S11816_2005",0.00184477127742914,0.0663988693451252,"S11816",2005,"7080047060","USA"
"S11816_2009",-0.00503904761548886,0.0618685300682817,"S11816",2009,"7080047060","USA"
"S11816_2012",-0.0669907936827284,0.0521304119310914,"S11816",2012,"7080047060","USA"
"S11816_2004",-0.0863898051738488,0.0540753100064999,"S11816",2004,"7080047060","USA"
"S11816_2011",-0.00739477696274912,0.0506240519826691,"S11816",2011,"7080047060","USA"
"S11830_2010",-0.184943304051943,0.00226750801781311,"S11830",2010,"7080047060","USA"
"S11830_2013",-0.195666510394224,0.000882098929152503,"S11830",2013,"7080047060","USA"
"S11830_2012",-0.112708917873458,0.0340055785078448,"S11830",2012,"7080047060","USA"
"S11830_2004",-0.189402412112953,0.00363881589581091,"S11830",2004,"7080047060","USA"
"S11830_2005",-0.131207914765677,0.0283228041752271,"S11830",2005,"7080047060","USA"
"S11830_2006",-0.0963902041281732,0.0702161459990035,"S11830",2006,"7080047060","USA"
"S11830_2007",-0.0418069024301202,0.132095131151223,"S11830",2007,"7080047060","USA"
"S11830_2008",-0.0788494408656824,0.068044724588882,"S11830",2008,"7080047060","USA"
"S11830_2009",-0.176822098553145,0.00189865388651886,"S11830",2009,"7080047060","USA"
"S11830_2011",-0.098879897904084,0.0403941254444129,"S11830",2011,"7080047060","USA"
"S11849_2005",-0.0764633939193329,0.0527719331530535,"S11849",2005,"7080047060","USA"
"S11849_2006",-0.00850716895079629,0.163258938984524,"S11849",2006,"7080047060","USA"
"S11849_2008",-0.0303580246793454,0.072553135091091,"S11849",2008,"7080047060","USA"
"S11849_2009",-0.0374966975699034,0.0405107762690757,"S11849",2009,"7080047060","USA"
"S11849_2011",0.0395726893714502,0.0703036900704717,"S11849",2011,"7080047060","USA"
"S11849_2012",-0.0304940501854128,0.0567076864912111,"S11849",2012,"7080047060","USA"
"S11849_2013",-0.0138835878393657,0.0768556783189423,"S11849",2013,"7080047060","USA"
"S11849_2004",-0.151025380470137,0.060264143478865,"S11849",2004,"7080047060","USA"
"S11849_2007",0.0403835163558389,0.0790646933819634,"S11849",2007,"7080047060","USA"
"S11849_2010",0.0460099997122037,0.0709729787347811,"S11849",2010,"7080047060","USA"
"S11872_2004",-0.19073366407725,0.0172056438139231,"S11872",2004,"7080047060","USA"
"S11872_2006",-0.155995831274977,0.0308587533602481,"S11872",2006,"7080047060","USA"
"S11872_2007",-0.0617968141712849,0.0927704686250277,"S11872",2007,"7080047060","USA"
"S11872_2011",-0.111758592362645,0.0513636518254943,"S11872",2011,"7080047060","USA"
"S11872_2013",-0.155165750084888,0.018002982442412,"S11872",2013,"7080047060","USA"
"S11872_2012",-0.0377657807401652,0.0425611596568271,"S11872",2012,"7080047060","USA"
"S11872_2005",-0.0797462771246839,0.0641355243813235,"S11872",2005,"7080047060","USA"
"S11872_2009",-0.105074275534562,0.0280473133878916,"S11872",2009,"7080047060","USA"
"S11872_2010",-0.0600480456899534,0.0550580676347404,"S11872",2010,"7080047060","USA"
"S11872_2008",-0.090368481739202,0.0507409468996343,"S11872",2008,"7080047060","USA"
"S11887_2005",-0.130740704735776,-0.0828205347200675,"S11887",2005,"2080029400","FIN"
"S11887_2007",-0.202550777297387,-0.0528858281605654,"S11887",2007,"2080029400","FIN"
"S11887_2008",-0.208120572751488,-0.0968512929487598,"S11887",2008,"2080029400","FIN"
"S11887_2009",-0.0795477782020538,-0.0577844824406031,"S11887",2009,"2080029400","FIN"
"S11887_2010",-0.0957408825541284,-0.027100407299983,"S11887",2010,"2080029400","FIN"
"S11887_2011",-0.0748045167998042,-0.0156167851403674,"S11887",2011,"2080029400","FIN"
"S11887_2012",-0.146312892896821,-0.0443439040890358,"S11887",2012,"2080029400","FIN"
"S11887_2013",-0.103189366962495,-0.0771737464972148,"S11887",2013,"2080029400","FIN"
"S1191_2011",0.068712951850265,-0.0188024480857117,"S1191",2011,"2080033020","SWE"
"S1191_2004",0.0164982950472779,-0.0175385834666707,"S1191",2004,"2080033020","SWE"
"S1191_2005",0.128241275927278,-0.0463845797727108,"S1191",2005,"2080033020","SWE"
"S1191_2006",-0.0133806965268813,-0.0243631559315828,"S1191",2006,"2080033020","SWE"
"S1191_2008",0.13265663180942,-0.0590976157761909,"S1191",2008,"2080033020","SWE"
"S1191_2012",0.107253002273233,-0.0556120184243745,"S1191",2012,"2080033020","SWE"
"S1191_2009",0.0608955330985483,-0.0413343652284958,"S1191",2009,"2080033020","SWE"
"S1191_2010",0.14194579071016,-0.0666996492444075,"S1191",2010,"2080033020","SWE"
"S1191_2013",0.0141131446162768,-0.00372312720633988,"S1191",2013,"2080033020","SWE"
"S11924_2005",0.00367049424577167,-0.0730254895188979,"S11924",2005,"2080029400","FIN"
"S11924_2006",0.0131041083485937,-0.068555945871485,"S11924",2006,"2080029400","FIN"
"S11924_2007",-0.0599514382584875,-0.0379161459368084,"S11924",2007,"2080029400","FIN"
"S11924_2008",0.0992980312264194,-0.0794725317621436,"S11924",2008,"2080029400","FIN"
"S11924_2009",0.0715108150298551,-0.0854338940358138,"S11924",2009,"2080029400","FIN"
"S11924_2010",0.0652090441066204,-0.0804765684287874,"S11924",2010,"2080029400","FIN"
"S11924_2011",0.0702711942942165,-0.0532122237425831,"S11924",2011,"2080029400","FIN"
"S11924_2012",0.0924236806454982,-0.0619767408365768,"S11924",2012,"2080029400","FIN"
"S11924_2013",0.126325533792322,-0.0717953561351064,"S11924",2013,"2080029400","FIN"
"S11928_2005",-0.13352184092245,-0.0282395399868388,"S11928",2005,"2080029400","FIN"
"S11928_2006",-0.0237052283530876,-0.0290773730075387,"S11928",2006,"2080029400","FIN"
"S11928_2007",-0.178643144595457,-0.00506999001576691,"S11928",2007,"2080029400","FIN"
"S11928_2008",-0.146575920762826,0.017765963307405,"S11928",2008,"2080029400","FIN"
"S11928_2009",-0.0083695590698924,-0.0218954297546093,"S11928",2009,"2080029400","FIN"
"S11928_2010",-0.0512814605242132,-0.0343802225738566,"S11928",2010,"2080029400","FIN"
"S11928_2011",-0.0717903560057354,-0.0181219214345424,"S11928",2011,"2080029400","FIN"
"S11928_2012",-0.128351366893329,-0.0125341790357893,"S11928",2012,"2080029400","FIN"
"S11928_2013",-0.0320469914910277,-0.0408986442934222,"S11928",2013,"2080029400","FIN"
"S1193_2005",0.14194579071016,-0.0666996492444075,"S1193",2005,"2080033080","SWE"
"S1193_2006",0.14194579071016,-0.0666996492444075,"S1193",2006,"2080033080","SWE"
"S1193_2007",0.14194579071016,-0.0666996492444075,"S1193",2007,"2080033080","SWE"
"S1193_2008",0.147184834663143,-0.0586858117406467,"S1193",2008,"2080033080","SWE"
"S1193_2009",0.123221806482375,-0.0606247947280912,"S1193",2009,"2080033080","SWE"
"S1193_2010",0.153448877974821,-0.0479348164183459,"S1193",2010,"2080033080","SWE"
"S1193_2011",0.139208602178267,-0.0572614329500707,"S1193",2011,"2080033080","SWE"
"S1193_2012",0.145493906883522,-0.0612379601663233,"S1193",2012,"2080033080","SWE"
"S1193_2013",0.149742812036065,-0.0514438322802568,"S1193",2013,"2080033080","SWE"
"S11988_2004",-0.125942482680493,-0.0161046822400899,"S11988",2004,"7080047060","USA"
"S11988_2005",-0.201915431935752,-0.00293673538535473,"S11988",2005,"7080047060","USA"
"S11988_2006",-0.189947864299936,-0.00794952931203052,"S11988",2006,"7080047060","USA"
"S11988_2007",-0.201612572673538,-0.00896699172533072,"S11988",2007,"7080047060","USA"
"S11988_2008",-0.183027978306696,-0.0111491270521807,"S11988",2008,"7080047060","USA"
"S11988_2009",-0.169711179732223,-0.00462240862700753,"S11988",2009,"7080047060","USA"
"S11988_2010",-0.221069643969543,-0.00988006725521881,"S11988",2010,"7080047060","USA"
"S11988_2011",-0.191555414047537,-0.0033267141075211,"S11988",2011,"7080047060","USA"
"S11988_2012",-0.229675388843252,-0.0108125402031859,"S11988",2012,"7080047060","USA"
"S1199_2007",0.0101019725809596,0.11142515691376,"S1199",2007,"2080053790","GBR"
"S1199_2006",0.0782687680896994,0.154299955788508,"S1199",2006,"2080053790","GBR"
"S1199_2011",0.0490827987700594,0.128743116789885,"S1199",2011,"2080053790","GBR"
"S1199_2012",0.00123084603186027,0.108654661620258,"S1199",2012,"2080053790","GBR"
"S1199_2005",0.0644841838943891,0.132422595856754,"S1199",2005,"2080053790","GBR"
"S1199_2004",0.0156223535303636,0.117029282631059,"S1199",2004,"2080053790","GBR"
"S1199_2008",-0.0603883049754612,0.0771267106441258,"S1199",2008,"2080053790","GBR"
"S1199_2009",-0.0703378019912406,0.0788036411982621,"S1199",2009,"2080053790","GBR"
"S1199_2010",0.049571968572216,0.125908789793912,"S1199",2010,"2080053790","GBR"
"S1208_2007",0.14194579071016,-0.0666996492444075,"S1208",2007,"2080033020","SWE"
"S1208_2011",0.148319472671161,-0.0450933449186598,"S1208",2011,"2080033020","SWE"
"S1208_2004",0.155150159039158,-0.040336487077395,"S1208",2004,"2080033020","SWE"
"S1208_2005",0.146902728319596,-0.0584312391738179,"S1208",2005,"2080033020","SWE"
"S1208_2009",0.148169294361705,-0.0571910183638886,"S1208",2009,"2080033020","SWE"
"S1208_2010",0.143769970388306,-0.0631233418990605,"S1208",2010,"2080033020","SWE"
"S1208_2012",0.14194579071016,-0.0666996492444075,"S1208",2012,"2080033020","SWE"
"S1208_2013",0.149394917940924,-0.0547470152016175,"S1208",2013,"2080033020","SWE"
"S1208_2006",0.156831120096052,-0.0436768168049479,"S1208",2006,"2080033020","SWE"
"S1209_2005",0.178042367455468,-0.00486834229710049,"S1209",2005,"2080033090","SWE"
"S1209_2004",0.177679202100988,-0.00560222749797944,"S1209",2004,"2080033090","SWE"
"S1209_2006",-0.00203165832608439,0.0235719950250142,"S1209",2006,"2080033090","SWE"
"S1209_2007",0.0549484323018595,0.0302878232062183,"S1209",2007,"2080033090","SWE"
"S1209_2010",0.168308499392284,0.0223060355227321,"S1209",2010,"2080033090","SWE"
"S1209_2011",0.181350993296419,0.171443620022256,"S1209",2011,"2080033090","SWE"
"S1209_2009",0.173357230790523,-0.0127172058640826,"S1209",2009,"2080033090","SWE"
"S1209_2013",0.228576101705476,0.146887074055487,"S1209",2013,"2080033090","SWE"
"S1213_2011",0.124983828756997,-0.0611777151489247,"S1213",2011,"2080033020","SWE"
"S1213_2004",0.171627978141042,-0.0174425167967622,"S1213",2004,"2080033020","SWE"
"S1213_2005",0.133695475043262,-0.0553030352614911,"S1213",2005,"2080033020","SWE"
"S1213_2006",0.121105314290691,-0.0445247426214137,"S1213",2006,"2080033020","SWE"
"S1213_2007",0.124952477465045,-0.0611678067495266,"S1213",2007,"2080033020","SWE"
"S1213_2008",0.110966070959396,-0.0434556869530124,"S1213",2008,"2080033020","SWE"
"S1213_2012",0.0876474169953046,-0.0437392130275016,"S1213",2012,"2080033020","SWE"
"S1213_2009",0.0815964015786761,-0.047658580046438,"S1213",2009,"2080033020","SWE"
"S1213_2010",0.17459415013464,-0.0116933341386147,"S1213",2010,"2080033020","SWE"
"S1213_2013",0.0594260940952536,-0.0332126932380498,"S1213",2013,"2080033020","SWE"
"S1215_2011",-0.0534124437646305,-0.0107246671639999,"S1215",2011,"2080033020","SWE"
"S1215_2004",0.0642414802113472,-0.0143101396365933,"S1215",2004,"2080033020","SWE"
"S1215_2005",0.0410068227157354,-0.03125857756284,"S1215",2005,"2080033020","SWE"
"S1215_2006",0.00365473960363152,-0.0236798744033314,"S1215",2006,"2080033020","SWE"
"S1215_2007",0.00728927285540983,-0.0205973822547783,"S1215",2007,"2080033020","SWE"
"S1215_2008",-0.0446792965386825,-0.00126223357699897,"S1215",2008,"2080033020","SWE"
"S1215_2012",-0.0770112823408201,0.00245118035978813,"S1215",2012,"2080033020","SWE"
"S1215_2009",0.017735085069123,-0.0125918775174705,"S1215",2009,"2080033020","SWE"
"S1215_2010",-0.0140237063427759,-0.0242530657639529,"S1215",2010,"2080033020","SWE"
"S1215_2013",-0.0204609640163887,-0.0133741483994073,"S1215",2013,"2080033020","SWE"
"S12211_2005",-0.15485020811875,-0.0686281940229869,"S12211",2005,"2080029400","FIN"
"S12211_2006",-0.0780212352638199,-0.05313179853132,"S12211",2006,"2080029400","FIN"
"S12211_2007",-0.0106209675252386,-0.0626374391517062,"S12211",2007,"2080029400","FIN"
"S12211_2008",-0.038407072856482,-0.0383011476597013,"S12211",2008,"2080029400","FIN"
"S12211_2009",0.0507520120700166,-0.0623096102651953,"S12211",2009,"2080029400","FIN"
"S12211_2010",0.0167103705947146,-0.0696981519118191,"S12211",2010,"2080029400","FIN"
"S12211_2011",0.0368712867416675,-0.0539153877392856,"S12211",2011,"2080029400","FIN"
"S12211_2012",0.10259090937695,-0.0706587563048306,"S12211",2012,"2080029400","FIN"
"S12211_2013",-0.0471612323878123,-0.0788422158842327,"S12211",2013,"2080029400","FIN"
"S12290_2005",-0.041438972279649,-0.0894887490851085,"S12290",2005,"2080029400","FIN"
"S12290_2006",-0.038307453649025,-0.0832178976077262,"S12290",2006,"2080029400","FIN"
"S12290_2007",-0.0490992081637397,-0.0717925838645503,"S12290",2007,"2080029400","FIN"
"S12290_2008",0.042488200322201,-0.0751823829220111,"S12290",2008,"2080029400","FIN"
"S12290_2009",0.010991156520445,-0.0715075158434545,"S12290",2009,"2080029400","FIN"
"S12290_2010",-0.0149959424667501,-0.0693221001591298,"S12290",2010,"2080029400","FIN"
"S12290_2011",0.0815043041869371,-0.0656628425725713,"S12290",2011,"2080029400","FIN"
"S12290_2012",0.110363507594879,-0.0627692350583599,"S12290",2012,"2080029400","FIN"
"S12290_2013",0.0399949624255799,-0.0717792024067206,"S12290",2013,"2080029400","FIN"
"S12298_2005",-0.0881203366108081,-0.0804871286083527,"S12298",2005,"2080029400","FIN"
"S12298_2006",-0.0428587385642449,-0.0330601405864373,"S12298",2006,"2080029400","FIN"
"S12298_2007",-0.142306392116144,-0.0725733176654792,"S12298",2007,"2080029400","FIN"
"S12298_2008",-0.0568917205265885,-0.0479333815481367,"S12298",2008,"2080029400","FIN"
"S12298_2009",-0.100823925742827,-0.0311005561075668,"S12298",2009,"2080029400","FIN"
"S12298_2010",-0.143670362151413,-0.0504500353656359,"S12298",2010,"2080029400","FIN"
"S12298_2011",-0.146089451464711,-0.0245341119271442,"S12298",2011,"2080029400","FIN"
"S12298_2012",-0.104159645666834,-0.0280316784090055,"S12298",2012,"2080029400","FIN"
"S12298_2013",-0.117181343157536,0.0118300027713222,"S12298",2013,"2080029400","FIN"
"S12306_2005",-0.0928065358180825,-0.0393925259433172,"S12306",2005,"2080029400","FIN"
"S12306_2006",-0.0558208644155437,0.00911869361271107,"S12306",2006,"2080029400","FIN"
"S12306_2007",-0.0997248009090142,0.0122816331170032,"S12306",2007,"2080029400","FIN"
"S12306_2008",-0.00330137753399268,-0.0351779536530733,"S12306",2008,"2080029400","FIN"
"S12306_2009",-0.0232846140768953,-0.0216731394809519,"S12306",2009,"2080029400","FIN"
"S12306_2010",0.0389820676074697,-0.0414709886880778,"S12306",2010,"2080029400","FIN"
"S12306_2011",-0.0665866742300679,0.0146698859699934,"S12306",2011,"2080029400","FIN"
"S12306_2012",0.011545160995272,-0.0442020393100035,"S12306",2012,"2080029400","FIN"
"S12306_2013",-0.0836587519406916,0.0321116237722501,"S12306",2013,"2080029400","FIN"
"S12317_2005",-0.142219704076926,-0.0454273495823644,"S12317",2005,"2080029400","FIN"
"S12317_2006",0.0154681201958975,-0.0567209330706587,"S12317",2006,"2080029400","FIN"
"S12317_2007",-0.0388109837438911,-0.0395053390118032,"S12317",2007,"2080029400","FIN"
"S12317_2008",0.00508557863112356,-0.0502800081704339,"S12317",2008,"2080029400","FIN"
"S12317_2009",-0.0377425536119978,-0.0668717822843324,"S12317",2009,"2080029400","FIN"
"S12317_2010",-0.0106579578577872,-0.058746491960847,"S12317",2010,"2080029400","FIN"
"S12317_2011",-0.0529578213643352,-0.0402587515830418,"S12317",2011,"2080029400","FIN"
"S12317_2012",0.0474716832511611,-0.0576851326828069,"S12317",2012,"2080029400","FIN"
"S12317_2013",-0.0710695228887462,-0.077503742234996,"S12317",2013,"2080029400","FIN"
"S1236_2006",-0.166085994241515,0.0489800271279869,"S1236",2006,"2080053790","GBR"
"S1236_2007",-0.000377672815179847,0.114189621212958,"S1236",2007,"2080053790","GBR"
"S1236_2009",0.00597354400034819,0.0869561214344082,"S1236",2009,"2080053790","GBR"
"S1236_2004",0.0148781872094767,0.0902402279605784,"S1236",2004,"2080053790","GBR"
"S1236_2005",-0.00846819806679629,0.0781047122788522,"S1236",2005,"2080053790","GBR"
"S1236_2012",0.0270631391060701,0.100332995908522,"S1236",2012,"2080053790","GBR"
"S1236_2008",0.00829481774424085,0.0983830159509737,"S1236",2008,"2080053790","GBR"
"S1236_2010",0.0249166717469794,0.0620872367590916,"S1236",2010,"2080053790","GBR"
"S1242_2004",0.151332820176275,-0.0652566399425276,"S1242",2004,"2080033080","SWE"
"S1242_2006",0.18958071043263,-0.0635300642632309,"S1242",2006,"2080033080","SWE"
"S1242_2007",0.207906352623079,-0.0637414087181774,"S1242",2007,"2080033080","SWE"
"S1242_2008",0.186467774034925,-0.0606043508074817,"S1242",2008,"2080033080","SWE"
"S1242_2009",0.158361286010842,-0.0607001410387108,"S1242",2009,"2080033080","SWE"
"S1242_2010",0.144222503005523,-0.0631766225844259,"S1242",2010,"2080033080","SWE"
"S1242_2011",0.148800291737737,-0.0638246990202853,"S1242",2011,"2080033080","SWE"
"S1242_2012",0.14941056040074,-0.0655215955954135,"S1242",2012,"2080033080","SWE"
"S1242_2013",0.14194579071016,-0.0666996492444075,"S1242",2013,"2080033080","SWE"
"S1242_2005",0.160510126708278,-0.0641750704055567,"S1242",2005,"2080033080","SWE"
"S1245_2005",0.0434279559491325,0.0917297553501892,"S1245",2005,"2080017150","ESP"
"S1245_2010",-0.0868342451788212,0.0314344788271551,"S1245",2010,"2080017150","ESP"
"S1245_2011",-0.132251128745173,0.0278495671425503,"S1245",2011,"2080017150","ESP"
"S1245_2004",-0.0629286486242624,0.035305436129867,"S1245",2004,"2080017150","ESP"
"S1245_2006",-0.0835106152451563,0.00908925577257201,"S1245",2006,"2080017150","ESP"
"S1245_2007",-0.113611931936963,0.00662390175919379,"S1245",2007,"2080017150","ESP"
"S1245_2008",-0.128141562022027,0.0317190077492461,"S1245",2008,"2080017150","ESP"
"S1245_2009",-0.107327361782355,0.0481804724591116,"S1245",2009,"2080017150","ESP"
"S1245_2012",-0.0905865286361134,0.0138407993300525,"S1245",2012,"2080017150","ESP"
"S1245_2013",-0.0892988549111363,0.0115452355859063,"S1245",2013,"2080017150","ESP"
"S1249_2004",0.143388112838911,-0.0644616047639008,"S1249",2004,"2080033080","SWE"
"S1249_2006",0.14194579071016,-0.0666996492444076,"S1249",2006,"2080033080","SWE"
"S1249_2007",0.144708911898432,-0.0624317923608532,"S1249",2007,"2080033080","SWE"
"S1249_2008",0.14194579071016,-0.0666996492444075,"S1249",2008,"2080033080","SWE"
"S1249_2009",0.138991330993006,-0.060776613454261,"S1249",2009,"2080033080","SWE"
"S1249_2010",0.136833937315277,-0.060099516358517,"S1249",2010,"2080033080","SWE"
"S1249_2011",0.137444662802239,-0.0651879848641138,"S1249",2011,"2080033080","SWE"
"S1249_2012",0.14194579071016,-0.0666996492444075,"S1249",2012,"2080033080","SWE"
"S1249_2013",0.14194579071016,-0.0666996492444076,"S1249",2013,"2080033080","SWE"
"S1249_2005",0.14194579071016,-0.0666996492444076,"S1249",2005,"2080033080","SWE"
"S1251_2004",0.0238666424097919,-0.0938062917985161,"S1251",2004,"2080033080","SWE"
"S1251_2006",-0.0584871272898837,-0.0880603707565005,"S1251",2006,"2080033080","SWE"
"S1251_2007",-0.105160008698069,-0.110971257312482,"S1251",2007,"2080033080","SWE"
"S1251_2008",-0.10185746351575,-0.110581385295039,"S1251",2008,"2080033080","SWE"
"S1251_2009",-0.166639966844118,-0.119201677754687,"S1251",2009,"2080033080","SWE"
"S1251_2010",-0.033659863976539,-0.0915753521262312,"S1251",2010,"2080033080","SWE"
"S1251_2011",-0.12178471517846,-0.111364022970643,"S1251",2011,"2080033080","SWE"
"S1251_2012",-0.116859131331097,-0.11088674028648,"S1251",2012,"2080033080","SWE"
"S1251_2013",-0.0207944593322412,-0.0894535667352972,"S1251",2013,"2080033080","SWE"
"S1251_2005",-0.0553389294907136,-0.100894485872278,"S1251",2005,"2080033080","SWE"
"S1265_2004",0.260108060584469,-0.0488555860845155,"S1265",2004,"2080033090","SWE"
"S1265_2005",0.241719381127643,-0.0588942109953048,"S1265",2005,"2080033090","SWE"
"S1265_2006",0.229584022005152,-0.0562234475260546,"S1265",2006,"2080033090","SWE"
"S1265_2007",0.173822827117478,-0.040067623441746,"S1265",2007,"2080033090","SWE"
"S1265_2011",0.0232883537507217,-0.0215122919623779,"S1265",2011,"2080033090","SWE"
"S1265_2008",0.174970328734425,-0.031143710221919,"S1265",2008,"2080033090","SWE"
"S1265_2009",0.189856388060159,-0.0426405514615147,"S1265",2009,"2080033090","SWE"
"S1265_2010",0.158202034073318,-0.0327877291151145,"S1265",2010,"2080033090","SWE"
"S1265_2013",0.138457502910229,-0.034857434853579,"S1265",2013,"2080033090","SWE"
"S1266_2007",0.14194579071016,-0.0666996492444076,"S1266",2007,"2080033020","SWE"
"S1266_2011",0.023813486278413,0.0123419200924285,"S1266",2011,"2080033020","SWE"
"S1266_2004",0.11223981740607,0.00708261193775777,"S1266",2004,"2080033020","SWE"
"S1266_2005",0.111272047173684,-0.0353348871197918,"S1266",2005,"2080033020","SWE"
"S1266_2009",-0.069526766342569,-0.00409416862540038,"S1266",2009,"2080033020","SWE"
"S1266_2010",-0.0112478354596903,-0.00757905093042337,"S1266",2010,"2080033020","SWE"
"S1266_2012",0.00757204184231036,-0.0149579518892095,"S1266",2012,"2080033020","SWE"
"S1266_2013",-0.0280750460336591,-0.0199166696620829,"S1266",2013,"2080033020","SWE"
"S1266_2006",0.0938697914547839,-0.0194186622749885,"S1266",2006,"2080033020","SWE"
"S1275_2007",-0.0407365951224934,0.0961626600544474,"S1275",2007,"2080053790","GBR"
"S1275_2006",-0.000750449924383221,0.0926870358728709,"S1275",2006,"2080053790","GBR"
"S1275_2011",-0.0173659603511408,0.108393522627907,"S1275",2011,"2080053790","GBR"
"S1275_2012",-0.00514188443599668,0.102340780921765,"S1275",2012,"2080053790","GBR"
"S1275_2005",0.0102491680030557,0.114603973678558,"S1275",2005,"2080053790","GBR"
"S1275_2004",0.032696215466293,0.117308696359691,"S1275",2004,"2080053790","GBR"
"S1275_2008",0.0645687584572019,0.132452936308443,"S1275",2008,"2080053790","GBR"
"S1275_2009",0.0409840630583595,0.0990955396219004,"S1275",2009,"2080053790","GBR"
"S1275_2010",-0.0627617339085005,0.0835873997183893,"S1275",2010,"2080053790","GBR"
"S1277_2004",-0.165434602182371,-0.114932368399295,"S1277",2004,"2080033080","SWE"
"S1277_2006",-0.0485753308243586,-0.0697405563826242,"S1277",2006,"2080033080","SWE"
"S1277_2007",-0.180969931385969,-0.106900339985568,"S1277",2007,"2080033080","SWE"
"S1277_2008",-0.167022070187469,-0.119126103891595,"S1277",2008,"2080033080","SWE"
"S1277_2009",-0.189062712646241,-0.10247558029193,"S1277",2009,"2080033080","SWE"
"S1277_2010",-0.160113116771871,-0.112657299551561,"S1277",2010,"2080033080","SWE"
"S1277_2011",-0.164316874380801,-0.111122343812001,"S1277",2011,"2080033080","SWE"
"S1277_2012",-0.0814051788559217,-0.101848261430691,"S1277",2012,"2080033080","SWE"
"S1277_2013",-0.16554479814131,-0.0890790959852938,"S1277",2013,"2080033080","SWE"
"S1277_2005",-0.106087621634936,-0.103227241383115,"S1277",2005,"2080033080","SWE"
"S1283_2011",0.0404413827535857,0.0546805860495803,"S1283",2011,"2080032670","SWE"
"S1283_2012",0.00912766152287642,0.0361066404010681,"S1283",2012,"2080032670","SWE"
"S1283_2013",0.0612742832848254,0.052401961816602,"S1283",2013,"2080032670","SWE"
"S1283_2004",0.107399982618224,0.120715384879978,"S1283",2004,"2080032670","SWE"
"S1283_2006",0.0345646027852335,0.061968544721821,"S1283",2006,"2080032670","SWE"
"S1283_2007",0.0432692678784787,0.1069676323959,"S1283",2007,"2080032670","SWE"
"S1283_2008",-0.10974910956351,0.0643760057486759,"S1283",2008,"2080032670","SWE"
"S1283_2009",0.102293458018654,0.0431384875747763,"S1283",2009,"2080032670","SWE"
"S1283_2010",0.0776501180524097,0.0274032891050936,"S1283",2010,"2080032670","SWE"
"S1288_2004",0.150839818106395,-0.0323220178183531,"S1288",2004,"2080033080","SWE"
"S1288_2005",0.227204941581443,-0.0506911286186173,"S1288",2005,"2080033080","SWE"
"S1288_2006",0.115154160138886,-0.0189493488552999,"S1288",2006,"2080033080","SWE"
"S1288_2007",0.253486769233993,-0.0212613640282026,"S1288",2007,"2080033080","SWE"
"S1288_2010",0.20794438939453,-0.0477523701971086,"S1288",2010,"2080033080","SWE"
"S1288_2011",0.243751070110681,-0.0459908615512657,"S1288",2011,"2080033080","SWE"
"S1288_2013",0.214781144732344,-0.0261901738976372,"S1288",2013,"2080033080","SWE"
"S1288_2008",0.250494409306797,-0.0503324163376946,"S1288",2008,"2080033080","SWE"
"S1288_2009",0.219138757188538,-0.0420387427740948,"S1288",2009,"2080033080","SWE"
"S1288_2012",0.208286685156162,-0.0435728713575803,"S1288",2012,"2080033080","SWE"
"S1296_2005",-0.0317526547904337,0.142069992684699,"S1296",2005,"7080047060","USA"
"S1296_2006",-0.18025109761048,0.00363895881233856,"S1296",2006,"7080047060","USA"
"S1296_2004",-0.0979202291918219,0.0976613879036833,"S1296",2004,"7080047060","USA"
"S1296_2009",-0.0689968048604873,0.0997870974913684,"S1296",2009,"7080047060","USA"
"S1296_2010",-0.0326672527234531,0.0837511147486863,"S1296",2010,"7080047060","USA"
"S1296_2012",-0.0283975898421487,0.150211294456828,"S1296",2012,"7080047060","USA"
"S1296_2011",-0.0265110437435333,0.0888206196171752,"S1296",2011,"7080047060","USA"
"S1296_2007",-0.00539838006234486,0.154535871223192,"S1296",2007,"7080047060","USA"
"S1296_2008",-0.0819367803744468,0.0670808011343898,"S1296",2008,"7080047060","USA"
"S1296_2013",-0.152331960178882,0.0293617560905423,"S1296",2013,"7080047060","USA"
"S1298_2004",0.0593923625316917,0.0734974754131466,"S1298",2004,"7080047060","USA"
"S1298_2005",-0.0269993920577064,0.123496882906176,"S1298",2005,"7080047060","USA"
"S1298_2006",-0.00458397301617101,0.0665416271532227,"S1298",2006,"7080047060","USA"
"S1298_2007",-0.0281225881321666,0.0669659290232133,"S1298",2007,"7080047060","USA"
"S1298_2008",-0.0210926481963094,0.05137575556815,"S1298",2008,"7080047060","USA"
"S1298_2009",-0.0770913598672264,0.0540048751000033,"S1298",2009,"7080047060","USA"
"S1298_2010",-0.0547219348509749,0.0928484687238783,"S1298",2010,"7080047060","USA"
"S1298_2011",-0.162069375758159,0.00260695693459105,"S1298",2011,"7080047060","USA"
"S1298_2012",-0.0849761839619485,0.0445048104407621,"S1298",2012,"7080047060","USA"
"S1298_2013",-0.099255026844695,0.044832806594144,"S1298",2013,"7080047060","USA"
"S1355_2004",-0.0512449153091814,-0.0115770942469736,"S1355",2004,"2080033090","SWE"
"S1355_2006",-0.0990056208668241,0.00889024896255475,"S1355",2006,"2080033090","SWE"
"S1355_2007",-0.0166456902209592,-0.023698718735052,"S1355",2007,"2080033090","SWE"
"S1355_2008",-0.0213838051284619,-0.0194771215921013,"S1355",2008,"2080033090","SWE"
"S1355_2009",-0.043986362569458,-0.0105982285530831,"S1355",2009,"2080033090","SWE"
"S1355_2011",0.0177684937139679,-0.0273077886177539,"S1355",2011,"2080033090","SWE"
"S1355_2012",-0.0321648817934198,-0.0115127908387648,"S1355",2012,"2080033090","SWE"
"S1355_2013",-0.120762146188016,0.0192703093063152,"S1355",2013,"2080033090","SWE"
"S1355_2005",0.0730398105733401,-0.0423165673621495,"S1355",2005,"2080033090","SWE"
"S1362_2005",0.104395788481284,0.169232479661339,"S1362",2005,"2080032670","SWE"
"S1362_2011",0.0709862607415212,0.159283851926772,"S1362",2011,"2080032670","SWE"
"S1362_2012",0.0958380320396128,0.171753635280789,"S1362",2012,"2080032670","SWE"
"S1362_2013",0.121577799747784,0.166867942582047,"S1362",2013,"2080032670","SWE"
"S1362_2004",0.154162251427716,0.161209801156497,"S1362",2004,"2080032670","SWE"
"S1362_2006",0.122581404527444,0.184603391381478,"S1362",2006,"2080032670","SWE"
"S1362_2008",0.143702252275891,0.195678095048225,"S1362",2008,"2080032670","SWE"
"S1362_2009",0.136407242002534,0.150726007048958,"S1362",2009,"2080032670","SWE"
"S1362_2010",0.0847056460513052,0.165810393958562,"S1362",2010,"2080032670","SWE"
"S1387_2004",0.14194579071016,-0.0666996492444075,"S1387",2004,"2080033090","SWE"
"S1387_2006",0.12819521624086,-0.0621849063040143,"S1387",2006,"2080033090","SWE"
"S1387_2007",0.097304696566136,-0.047913975128784,"S1387",2007,"2080033090","SWE"
"S1387_2009",0.135126621566533,-0.0644120896453382,"S1387",2009,"2080033090","SWE"
"S1387_2011",0.130677377751457,-0.062964571361916,"S1387",2011,"2080033090","SWE"
"S1387_2012",0.14194579071016,-0.0666996492444075,"S1387",2012,"2080033090","SWE"
"S1387_2013",0.14194579071016,-0.0666996492444075,"S1387",2013,"2080033090","SWE"
"S1387_2005",0.14194579071016,-0.0666996492444075,"S1387",2005,"2080033090","SWE"
"S1387_2008",0.14194579071016,-0.0666996492444075,"S1387",2008,"2080033090","SWE"
"S1387_2010",0.148299693309571,-0.0569924013863091,"S1387",2010,"2080033090","SWE"
"S1392_2007",-0.101480915309661,0.0100531514065062,"S1392",2007,"2080033090","SWE"
"S1392_2005",0.0280312977197655,-0.032023708451768,"S1392",2005,"2080033090","SWE"
"S1392_2006",-0.131239099962189,0.0276598571187358,"S1392",2006,"2080033090","SWE"
"S1392_2012",-0.144384982606939,0.0294033531607324,"S1392",2012,"2080033090","SWE"
"S1392_2013",-0.16921024925745,0.0410287918435281,"S1392",2013,"2080033090","SWE"
"S1392_2004",0.0653932549171053,-0.0349890168966574,"S1392",2004,"2080033090","SWE"
"S1392_2008",0.03910421642021,-0.0285006348927223,"S1392",2008,"2080033090","SWE"
"S1392_2009",-0.155695935217076,0.0355244728402807,"S1392",2009,"2080033090","SWE"
"S1392_2010",-0.0810161057238348,0.000869647113764024,"S1392",2010,"2080033090","SWE"
"S1397_2006",0.141945790710161,-0.0666996492444075,"S1397",2006,"2080033080","SWE"
"S1397_2007",0.141945790710161,-0.0666996492444075,"S1397",2007,"2080033080","SWE"
"S1397_2009",0.141945790710161,-0.0666996492444075,"S1397",2009,"2080033080","SWE"
"S1397_2010",0.141945790710161,-0.0666996492444075,"S1397",2010,"2080033080","SWE"
"S1397_2004",0.141945790710161,-0.0666996492444075,"S1397",2004,"2080033080","SWE"
"S1397_2005",0.141945790710161,-0.0666996492444075,"S1397",2005,"2080033080","SWE"
"S1397_2008",0.141945790710161,-0.0666996492444075,"S1397",2008,"2080033080","SWE"
"S1397_2011",0.141945790710161,-0.0666996492444075,"S1397",2011,"2080033080","SWE"
"S1397_2012",0.141945790710161,-0.0666996492444075,"S1397",2012,"2080033080","SWE"
"S1397_2013",0.141945790710161,-0.0666996492444075,"S1397",2013,"2080033080","SWE"
"S1414_2007",0.129266643129255,-0.0615260228347129,"S1414",2007,"2080033090","SWE"
"S1414_2011",0.0675782709989756,-0.0244734851836265,"S1414",2011,"2080033090","SWE"
"S1414_2005",0.00355236686008628,-0.0272565685570253,"S1414",2005,"2080033090","SWE"
"S1414_2006",-0.0178113004775038,-0.0121224929163533,"S1414",2006,"2080033090","SWE"
"S1414_2012",-0.0905228370418222,0.00507068630785877,"S1414",2012,"2080033090","SWE"
"S1414_2013",-0.0380343236852239,-0.00124257604707114,"S1414",2013,"2080033090","SWE"
"S1414_2004",0.125260885654066,-0.0612652517601287,"S1414",2004,"2080033090","SWE"
"S1414_2008",0.0946728345873127,-0.0420366644137538,"S1414",2008,"2080033090","SWE"
"S1414_2009",0.0977542057812224,-0.0526482042804049,"S1414",2009,"2080033090","SWE"
"S1414_2010",0.0762790518746287,-0.0460189488192124,"S1414",2010,"2080033090","SWE"
"S1416_2007",-0.189797462987054,0.0485349294759407,"S1416",2007,"2080033090","SWE"
"S1416_2011",0.141945790710161,-0.0666996492444075,"S1416",2011,"2080033090","SWE"
"S1416_2005",-0.132686902237364,0.0569866314359145,"S1416",2005,"2080033090","SWE"
"S1416_2006",-0.0855787497862127,0.0386264647090818,"S1416",2006,"2080033090","SWE"
"S1416_2012",-0.144887233713449,0.0469692847125825,"S1416",2012,"2080033090","SWE"
"S1416_2013",-0.0503872449020618,0.0927495141289501,"S1416",2013,"2080033090","SWE"
"S1416_2004",-0.0087153951292321,-0.0144605608853741,"S1416",2004,"2080033090","SWE"
"S1416_2008",0.014713984717716,-0.0131144833768616,"S1416",2008,"2080033090","SWE"
"S1416_2010",-0.189797462987054,0.0485349294759407,"S1416",2010,"2080033090","SWE"
"S1427_2007",0.120367886269006,-0.0597273712930161,"S1427",2007,"2080033080","SWE"
"S1427_2006",0.0449755946858242,-0.0174348469372071,"S1427",2006,"2080033080","SWE"
"S1427_2009",0.143057860656472,-0.060638893411116,"S1427",2009,"2080033080","SWE"
"S1427_2012",0.126203756578726,-0.0615621157287352,"S1427",2012,"2080033080","SWE"
"S1427_2004",0.141945790710161,-0.0666996492444076,"S1427",2004,"2080033080","SWE"
"S1427_2008",0.0314858643144134,0.00639502717026784,"S1427",2008,"2080033080","SWE"
"S1427_2010",0.133879293926183,-0.0547985910849503,"S1427",2010,"2080033080","SWE"
"S1427_2011",0.141945790710161,-0.0666996492444075,"S1427",2011,"2080033080","SWE"
"S1427_2013",0.135010996165216,-0.0530459678966689,"S1427",2013,"2080033080","SWE"
"S1438_2007",0.141945790710161,-0.0666996492444075,"S1438",2007,"2080033080","SWE"
"S1438_2006",0.141945790710161,-0.0666996492444076,"S1438",2006,"2080033080","SWE"
"S1438_2009",0.0935609013040876,-0.0513308162587868,"S1438",2009,"2080033080","SWE"
"S1438_2012",0.150206318601699,-0.0505220846245323,"S1438",2012,"2080033080","SWE"
"S1438_2004",0.141945790710161,-0.0666996492444075,"S1438",2004,"2080033080","SWE"
"S1438_2005",0.141945790710161,-0.0666996492444075,"S1438",2005,"2080033080","SWE"
"S1438_2008",0.132616164459055,-0.0635871577285379,"S1438",2008,"2080033080","SWE"
"S1438_2010",0.141945790710161,-0.0666996492444075,"S1438",2010,"2080033080","SWE"
"S1438_2011",0.150610919487358,-0.0497175208995142,"S1438",2011,"2080033080","SWE"
"S1438_2013",0.0720384967187275,-0.023381116306039,"S1438",2013,"2080033080","SWE"
"S1468_2007",-0.360295910451383,-0.226512293126213,"S1468",2007,"2080016510","FRA"
"S1468_2008",-0.360295910451383,-0.226512293126213,"S1468",2008,"2080016510","FRA"
"S1468_2009",-0.0616833361154867,0.0826777110871035,"S1468",2009,"2080016510","FRA"
"S1468_2010",-0.069924161654342,0.0498636981608657,"S1468",2010,"2080016510","FRA"
"S1468_2011",-0.0819819834659243,0.0168768489522224,"S1468",2011,"2080016510","FRA"
"S1468_2004",-0.360295910451383,-0.226512293126213,"S1468",2004,"2080016510","FRA"
"S1468_2005",-0.0524233295337551,0.0107550618776709,"S1468",2005,"2080016510","FRA"
"S1468_2006",-0.360295910451383,-0.226512293126213,"S1468",2006,"2080016510","FRA"
"S1468_2012",-0.0363208777274119,0.0595349122243899,"S1468",2012,"2080016510","FRA"
"S1468_2013",-0.0765372622462784,0.0286090888819155,"S1468",2013,"2080016510","FRA"
"S1481_2004",-0.360295910451383,-0.226512293126213,"S1481",2004,"2080016510","FRA"
"S1481_2007",-0.360295910451383,-0.226512293126213,"S1481",2007,"2080016510","FRA"
"S1481_2008",-0.0761612949494149,0.0134631162060277,"S1481",2008,"2080016510","FRA"
"S1481_2012",-0.0445049351686953,0.0285767936814472,"S1481",2012,"2080016510","FRA"
"S1481_2005",-0.133924548462299,-0.0326688195048054,"S1481",2005,"2080016510","FRA"
"S1481_2006",-0.12525898152193,-0.0367745760209591,"S1481",2006,"2080016510","FRA"
"S1481_2009",-0.0434891094368961,0.0553106887886397,"S1481",2009,"2080016510","FRA"
"S1481_2010",-0.360295910451383,-0.226512293126213,"S1481",2010,"2080016510","FRA"
"S1481_2011",-0.360295910451383,-0.226512293126213,"S1481",2011,"2080016510","FRA"
"S1481_2013",-0.230332517600939,-0.0841172742908914,"S1481",2013,"2080016510","FRA"
"S1528_2006",0.0315381656980733,0.0539303515331872,"S1528",2006,"2080033010","SWE"
"S1528_2009",0.15212349702257,0.0037433936262221,"S1528",2009,"2080033010","SWE"
"S1528_2010",0.00817111130227932,0.0326406210650689,"S1528",2010,"2080033010","SWE"
"S1528_2011",0.0569674204145318,0.0291031127313875,"S1528",2011,"2080033010","SWE"
"S1528_2012",0.0129014503441036,0.0437042404846751,"S1528",2012,"2080033010","SWE"
"S1528_2004",0.0593806698801718,0.153162218141192,"S1528",2004,"2080033010","SWE"
"S1528_2005",0.151382933544524,0.0733239912756296,"S1528",2005,"2080033010","SWE"
"S1528_2008",0.0981091737652964,0.0665019279867112,"S1528",2008,"2080033010","SWE"
"S1528_2007",0.151802212379572,0.0841515105196789,"S1528",2007,"2080033010","SWE"
"S1531_2006",0.0348940436364794,0.0622724487979141,"S1531",2006,"2080033010","SWE"
"S1531_2009",0.0315820303369722,0.0366658024342684,"S1531",2009,"2080033010","SWE"
"S1531_2010",0.0561879415464955,0.015477869645538,"S1531",2010,"2080033010","SWE"
"S1531_2011",0.0967274995494617,0.081409274020141,"S1531",2011,"2080033010","SWE"
"S1531_2012",0.0424416635019567,0.0472477168093602,"S1531",2012,"2080033010","SWE"
"S1531_2004",0.0596877803862339,0.0779403745571139,"S1531",2004,"2080033010","SWE"
"S1531_2005",0.153644106157594,0.143512194532177,"S1531",2005,"2080033010","SWE"
"S1531_2008",0.0569660111194337,0.0608220290109744,"S1531",2008,"2080033010","SWE"
"S1531_2007",0.141945790710161,-0.0666996492444075,"S1531",2007,"2080033010","SWE"
"S1542_2006",0.0336431443671701,-0.0012655177606526,"S1542",2006,"2080033080","SWE"
"S1542_2008",0.00607589463879874,-0.0276794409554218,"S1542",2008,"2080033080","SWE"
"S1542_2009",-0.0721560674100106,0.00502144912413141,"S1542",2009,"2080033080","SWE"
"S1542_2010",-0.0448765195381249,0.00952183774623537,"S1542",2010,"2080033080","SWE"
"S1542_2011",-0.0827182003302037,0.0127781879861946,"S1542",2011,"2080033080","SWE"
"S1542_2012",-0.0360887356041372,-0.0171650752724968,"S1542",2012,"2080033080","SWE"
"S1542_2013",-0.00639358171020647,-0.0218824473361673,"S1542",2013,"2080033080","SWE"
"S1542_2004",0.0291178473726884,-0.0324862474236393,"S1542",2004,"2080033080","SWE"
"S1542_2005",0.0650972425223112,0.0123079522695318,"S1542",2005,"2080033080","SWE"
"S1548_2009",-0.360295910451383,-0.226512293126213,"S1548",2009,"2080016510","FRA"
"S1548_2013",-0.202933555857952,-0.142069014783178,"S1548",2013,"2080016510","FRA"
"S1548_2004",-0.360295910451383,-0.226512293126213,"S1548",2004,"2080016510","FRA"
"S1548_2005",-0.0829047157244479,0.0734003770336464,"S1548",2005,"2080016510","FRA"
"S1548_2008",-0.115403970157068,0.0500183940950222,"S1548",2008,"2080016510","FRA"
"S1548_2010",-0.105858656170679,0.0637763471670656,"S1548",2010,"2080016510","FRA"
"S1548_2012",-0.0732408083970154,0.0718973100270823,"S1548",2012,"2080016510","FRA"
"S1548_2007",-0.360295910451383,-0.226512293126213,"S1548",2007,"2080016510","FRA"
"S1554_2006",0.0776068999181872,0.031371275114854,"S1554",2006,"2080033010","SWE"
"S1554_2009",0.12735815055021,-0.0384739544771332,"S1554",2009,"2080033010","SWE"
"S1554_2010",0.136879077519022,0.0300781882193865,"S1554",2010,"2080033010","SWE"
"S1554_2011",0.0503982893342046,0.0980729980268902,"S1554",2011,"2080033010","SWE"
"S1554_2012",0.0276251114538957,0.131730656320296,"S1554",2012,"2080033010","SWE"
"S1554_2004",0.07428412149031,0.0471339745899956,"S1554",2004,"2080033010","SWE"
"S1554_2005",0.127502156628049,-0.0608008838990012,"S1554",2005,"2080033010","SWE"
"S1554_2008",0.0624290759511976,0.0851518257323356,"S1554",2008,"2080033010","SWE"
"S1554_2007",0.156887121667763,0.208003837526864,"S1554",2007,"2080033010","SWE"
"S1558_2006",-0.0789646332266455,0.0670263931900042,"S1558",2006,"2080022150","FRA"
"S1558_2011",-0.150296815654672,0.0237548797232308,"S1558",2011,"2080022150","FRA"
"S1558_2004",-0.102685486854543,0.0575322793701347,"S1558",2004,"2080022150","FRA"
"S1558_2005",-0.0717005339072766,0.0736756368301253,"S1558",2005,"2080022150","FRA"
"S1558_2008",-0.103073295314738,0.059001668998081,"S1558",2008,"2080022150","FRA"
"S1558_2013",-0.137808751845719,0.0443144106665397,"S1558",2013,"2080022150","FRA"
"S1558_2007",-0.12190356596145,0.0293351781018135,"S1558",2007,"2080022150","FRA"
"S1558_2009",-0.100371964511764,0.0249739846510029,"S1558",2009,"2080022150","FRA"
"S1558_2012",-0.116476944911051,0.0502211396458862,"S1558",2012,"2080022150","FRA"
"S1559_2011",0.0173341241231479,0.0351475638368363,"S1559",2011,"2080032600","SWE"
"S1559_2012",0.00549160031041859,0.0331226909476209,"S1559",2012,"2080032600","SWE"
"S1559_2004",0.0054916003104186,0.0331226909476209,"S1559",2004,"2080032600","SWE"
"S1559_2006",0.0054916003104186,0.0331226909476209,"S1559",2006,"2080032600","SWE"
"S1559_2007",0.0267506121060815,0.0362262870668509,"S1559",2007,"2080032600","SWE"
"S1559_2008",0.174692707355243,0.0837999498359436,"S1559",2008,"2080032600","SWE"
"S1559_2009",0.00549160031041859,0.0331226909476209,"S1559",2009,"2080032600","SWE"
"S1559_2010",0.00549160031041859,0.0331226909476209,"S1559",2010,"2080032600","SWE"
"S1562_2009",0.0751797182772022,-0.0456823272893043,"S1562",2009,"2080033120","SWE"
"S1562_2010",0.00196154523724895,-0.0269837749368361,"S1562",2010,"2080033120","SWE"
"S1562_2011",0.0717312915202302,-0.0446266601896069,"S1562",2011,"2080033120","SWE"
"S1562_2012",0.104782853609897,-0.0548432327749436,"S1562",2012,"2080033120","SWE"
"S1562_2004",-0.100521145217486,0.0123179846652188,"S1562",2004,"2080033120","SWE"
"S1562_2005",-0.129686144887022,0.0235967814252671,"S1562",2005,"2080033120","SWE"
"S1562_2006",-0.126912790956207,0.0228561910124716,"S1562",2006,"2080033120","SWE"
"S1562_2013",0.119407123046734,-0.0594253268105282,"S1562",2013,"2080033120","SWE"
"S1562_2007",-0.0898116948313422,0.00733019926059847,"S1562",2007,"2080033120","SWE"
"S1562_2008",0.0933263789790331,-0.0512572857075228,"S1562",2008,"2080033120","SWE"
"S1566_2009",0.0809016539547778,-0.0316940286460538,"S1566",2009,"2080033120","SWE"
"S1566_2010",0.215484111307269,-0.0422298805604037,"S1566",2010,"2080033120","SWE"
"S1566_2011",0.0615226822327637,-0.0320812039189298,"S1566",2011,"2080033120","SWE"
"S1566_2012",0.250996205196312,-0.0586670152374476,"S1566",2012,"2080033120","SWE"
"S1566_2005",0.0494094816108648,-0.0860100391981972,"S1566",2005,"2080033120","SWE"
"S1566_2006",0.0860935682422436,-0.0513666398073675,"S1566",2006,"2080033120","SWE"
"S1566_2013",-0.0876582966520739,0.00125078496178854,"S1566",2013,"2080033120","SWE"
"S1566_2007",-0.0110153151048501,-0.113298440126348,"S1566",2007,"2080033120","SWE"
"S1566_2008",0.00424201917553071,-0.102259489783866,"S1566",2008,"2080033120","SWE"
"S1578_2008",0.0449276852235063,0.131315747581538,"S1578",2008,"2080016510","FRA"
"S1578_2009",-0.360295910451383,-0.226512293126214,"S1578",2009,"2080016510","FRA"
"S1578_2010",-0.360295910451383,-0.226512293126214,"S1578",2010,"2080016510","FRA"
"S1578_2012",-0.360295910451384,-0.226512293126214,"S1578",2012,"2080016510","FRA"
"S1578_2004",-0.360295910451384,-0.226512293126214,"S1578",2004,"2080016510","FRA"
"S1578_2005",-0.0949302607471903,0.072922324326115,"S1578",2005,"2080016510","FRA"
"S1578_2007",-0.0944057692517604,0.0629834763998336,"S1578",2007,"2080016510","FRA"
"S1578_2011",-0.360295910451384,-0.226512293126214,"S1578",2011,"2080016510","FRA"
"S1578_2013",-0.201524452709291,-0.1376181368198,"S1578",2013,"2080016510","FRA"
"S1581_2004",-0.144363295375723,0.0481752441337162,"S1581",2004,"2080032600","SWE"
"S1581_2012",0.0054916003104186,0.0331226909476209,"S1581",2012,"2080032600","SWE"
"S1581_2013",0.0619042511760314,0.0739906698301509,"S1581",2013,"2080032600","SWE"
"S1581_2006",0.0936316719626347,0.0824992481424802,"S1581",2006,"2080032600","SWE"
"S1581_2007",0.0540911355905569,0.0685430721861828,"S1581",2007,"2080032600","SWE"
"S1581_2008",0.0607139629125808,0.0731533468074053,"S1581",2008,"2080032600","SWE"
"S1581_2009",0.176180325387812,0.176204511849584,"S1581",2009,"2080032600","SWE"
"S1581_2010",0.11342658949024,0.113082849254708,"S1581",2010,"2080032600","SWE"
"S1581_2011",0.0339581886659016,0.142168733776089,"S1581",2011,"2080032600","SWE"
"S1587_2006",0.140012137020291,-0.0643013972398601,"S1587",2006,"2080032600","SWE"
"S1587_2004",0.144060876085097,-0.0625542761817511,"S1587",2004,"2080032600","SWE"
"S1587_2005",0.138001969665879,-0.0624918309361257,"S1587",2005,"2080032600","SWE"
"S1587_2007",0.141945790710161,-0.0666996492444075,"S1587",2007,"2080032600","SWE"
"S1587_2008",0.142895848936569,-0.0648331553856878,"S1587",2008,"2080032600","SWE"
"S1587_2009",0.141945790710161,-0.0666996492444075,"S1587",2009,"2080032600","SWE"
"S1587_2010",0.14368914431506,-0.0632809628614031,"S1587",2010,"2080032600","SWE"
"S1587_2011",0.142876743450886,-0.0648705572943782,"S1587",2011,"2080032600","SWE"
"S1587_2012",0.141945790710161,-0.0666996492444075,"S1587",2012,"2080032600","SWE"
"S1587_2013",0.141945790710161,-0.0666996492444075,"S1587",2013,"2080032600","SWE"
"S1593_2004",0.240426298636767,-0.063755748916846,"S1593",2004,"2080032230","SWE"
"S1593_2005",0.207672606958586,-0.0619270316358967,"S1593",2005,"2080032230","SWE"
"S1593_2006",0.151457011640013,-0.0300281942213443,"S1593",2006,"2080032230","SWE"
"S1593_2008",0.182887980851836,-0.0400572451685889,"S1593",2008,"2080032230","SWE"
"S1593_2009",0.219477642538656,-0.0674930805256777,"S1593",2009,"2080032230","SWE"
"S1593_2011",0.198173822843618,-0.045115736207354,"S1593",2011,"2080032230","SWE"
"S1593_2012",0.111052173910973,-0.0844574020241855,"S1593",2012,"2080032230","SWE"
"S1593_2013",0.112507945169508,-0.0744409380034178,"S1593",2013,"2080032230","SWE"
"S1597_2011",-0.0228422313216515,-0.0661145498021872,"S1597",2011,"2080032230","SWE"
"S1597_2004",-0.0911175998441868,-0.0426938890711739,"S1597",2004,"2080032230","SWE"
"S1597_2005",-0.04239506953444,-0.0570634211540584,"S1597",2005,"2080032230","SWE"
"S1597_2006",-0.172381672759446,-0.090264414818434,"S1597",2006,"2080032230","SWE"
"S1597_2007",0.0607925577723441,0.148052320621647,"S1597",2007,"2080032230","SWE"
"S1597_2008",0.0150164259767076,-0.0683785882518235,"S1597",2008,"2080032230","SWE"
"S1597_2009",0.032113836476691,-0.0717257851751496,"S1597",2009,"2080032230","SWE"
"S1597_2012",-0.0949935277944972,-0.0548646026919945,"S1597",2012,"2080032230","SWE"
"S1597_2013",-0.0919256171074841,-0.0915564614330552,"S1597",2013,"2080032230","SWE"
"S1598_2006",0.141945790710161,-0.0666996492444075,"S1598",2006,"2080032600","SWE"
"S1598_2004",0.0564944939947835,-0.0352369902487467,"S1598",2004,"2080032600","SWE"
"S1598_2005",0.133649497176718,-0.0639238398356985,"S1598",2005,"2080032600","SWE"
"S1598_2008",0.141945790710161,-0.0666996492444074,"S1598",2008,"2080032600","SWE"
"S1598_2009",0.141945790710161,-0.0666996492444075,"S1598",2009,"2080032600","SWE"
"S1598_2010",0.141945790710161,-0.0666996492444075,"S1598",2010,"2080032600","SWE"
"S1598_2011",0.141945790710161,-0.0666996492444075,"S1598",2011,"2080032600","SWE"
"S1598_2012",0.141945790710161,-0.0666996492444075,"S1598",2012,"2080032600","SWE"
"S1598_2013",0.141945790710161,-0.0666996492444075,"S1598",2013,"2080032600","SWE"
"S1599_2004",0.259620308398517,-0.0595468448462037,"S1599",2004,"2080032230","SWE"
"S1599_2005",0.252975049677644,-0.0577374972779926,"S1599",2005,"2080032230","SWE"
"S1599_2006",0.231722267022731,-0.0390177062288505,"S1599",2006,"2080032230","SWE"
"S1599_2007",0.263044920645084,-0.0403608490817788,"S1599",2007,"2080032230","SWE"
"S1599_2008",0.244536425357515,-0.0598118301215109,"S1599",2008,"2080032230","SWE"
"S1599_2009",0.234746476418417,-0.0693897712552637,"S1599",2009,"2080032230","SWE"
"S1599_2011",0.235280346580629,-0.0640492886599044,"S1599",2011,"2080032230","SWE"
"S1599_2012",0.236239337030715,-0.0639587263507192,"S1599",2012,"2080032230","SWE"
"S1599_2013",0.151206258700017,-0.0816214560707129,"S1599",2013,"2080032230","SWE"
"S1606_2005",0.00342460556927982,-0.0709063618172006,"S1606",2005,"2080032230","SWE"
"S1606_2006",-0.124485725482714,-0.0651842324336287,"S1606",2006,"2080032230","SWE"
"S1606_2007",-0.0442984625283021,-0.0804050794222599,"S1606",2007,"2080032230","SWE"
"S1606_2008",-0.163825097459853,-0.109466276529908,"S1606",2008,"2080032230","SWE"
"S1606_2009",-0.0991604027150697,-0.0805120684112276,"S1606",2009,"2080032230","SWE"
"S1606_2011",-0.111751916963662,-0.0413809975192935,"S1606",2011,"2080032230","SWE"
"S1606_2012",-0.217596056188961,-0.115932936684055,"S1606",2012,"2080032230","SWE"
"S1606_2013",-0.23751784863367,-0.12340865865978,"S1606",2013,"2080032230","SWE"
"S1611_2004",-0.121954642423666,-0.0944190431412633,"S1611",2004,"2080032230","SWE"
"S1611_2005",-0.0488541170333793,-0.0719299096311662,"S1611",2005,"2080032230","SWE"
"S1611_2006",0.0566488982106311,0.0138856186922062,"S1611",2006,"2080032230","SWE"
"S1611_2008",0.0514121699983302,-0.0341528784761028,"S1611",2008,"2080032230","SWE"
"S1611_2009",-0.00212627758939909,-0.0890739549386774,"S1611",2009,"2080032230","SWE"
"S1611_2011",-0.176680028215689,-0.0974623690220561,"S1611",2011,"2080032230","SWE"
"S1611_2012",-0.0356403391954259,-0.100993168124758,"S1611",2012,"2080032230","SWE"
"S1611_2013",-0.0334169224617716,-0.109325016168614,"S1611",2013,"2080032230","SWE"
"S1619_2006",0.141945790710161,-0.0666996492444075,"S1619",2006,"2080032600","SWE"
"S1619_2004",0.130036006274553,-0.0627605935699301,"S1619",2004,"2080032600","SWE"
"S1619_2005",0.141945790710161,-0.0666996492444075,"S1619",2005,"2080032600","SWE"
"S1619_2008",0.141945790710161,-0.0666996492444075,"S1619",2008,"2080032600","SWE"
"S1619_2009",0.141945790710161,-0.0666996492444075,"S1619",2009,"2080032600","SWE"
"S1619_2010",0.141945790710161,-0.0666996492444075,"S1619",2010,"2080032600","SWE"
"S1619_2011",0.141945790710161,-0.0666996492444075,"S1619",2011,"2080032600","SWE"
"S1619_2012",0.141945790710161,-0.0666996492444075,"S1619",2012,"2080032600","SWE"
"S1619_2013",0.141945790710161,-0.0666996492444075,"S1619",2013,"2080032600","SWE"
"S1628_2009",0.0933321561615297,-0.0288147428953775,"S1628",2009,"2080033120","SWE"
"S1628_2010",0.205541682788441,-0.0594079978596842,"S1628",2010,"2080033120","SWE"
