"","Country","Axis","Correlation","BasinID1","BasinID2"
"X2080020330.2080016510","FRA","Axis1","-0.224169356374701","2080020330","2080016510"
"X2080020590.2080016510","FRA","Axis1","0.714742785768201","2080020590","2080016510"
"X2080021030.2080016510","FRA","Axis1","-0.145643446101591","2080021030","2080016510"
"X2080022150.2080016510","FRA","Axis1","0.689218565890709","2080022150","2080016510"
"X2080023010.2080016510","FRA","Axis1","0.218274377448803","2080023010","2080016510"
"X2080020590.2080020330","FRA","Axis1","-0.241397068026851","2080020590","2080020330"
"X2080021030.2080020330","FRA","Axis1","-0.149786113498771","2080021030","2080020330"
"X2080022150.2080020330","FRA","Axis1","0.10965997186037","2080022150","2080020330"
"X2080023010.2080020330","FRA","Axis1","-0.613136421261598","2080023010","2080020330"
"X2080021030.2080020590","FRA","Axis1","-0.527154706908957","2080021030","2080020590"
"X2080022150.2080020590","FRA","Axis1","0.811818219603058","2080022150","2080020590"
"X2080023010.2080020590","FRA","Axis1","-0.0259272418150527","2080023010","2080020590"
"X2080022150.2080021030","FRA","Axis1","-0.61023837010569","2080022150","2080021030"
"X2080023010.2080021030","FRA","Axis1","0.283033938617132","2080023010","2080021030"
"X2080023010.2080022150","FRA","Axis1","-0.240406356899964","2080023010","2080022150"
"X2080020330.2080016510.1","FRA","Axis2","-0.032667282499791","2080020330","2080016510"
"X2080020590.2080016510.1","FRA","Axis2","0.399529978841049","2080020590","2080016510"
"X2080021030.2080016510.1","FRA","Axis2","-0.0542788000713476","2080021030","2080016510"
"X2080022150.2080016510.1","FRA","Axis2","0.614692907629052","2080022150","2080016510"
"X2080023010.2080016510.1","FRA","Axis2","0.240928932186051","2080023010","2080016510"
"X2080020590.2080020330.1","FRA","Axis2","0.270781648679058","2080020590","2080020330"
"X2080021030.2080020330.1","FRA","Axis2","-0.013334051829124","2080021030","2080020330"
"X2080022150.2080020330.1","FRA","Axis2","0.232819643070533","2080022150","2080020330"
"X2080023010.2080020330.1","FRA","Axis2","0.0306873088608319","2080023010","2080020330"
"X2080021030.2080020590.1","FRA","Axis2","-0.154867232814102","2080021030","2080020590"
"X2080022150.2080020590.1","FRA","Axis2","0.704509314352841","2080022150","2080020590"
"X2080023010.2080020590.1","FRA","Axis2","-0.0411038289758521","2080023010","2080020590"
"X2080022150.2080021030.1","FRA","Axis2","-0.354838179708927","2080022150","2080021030"
"X2080023010.2080021030.1","FRA","Axis2","0.155669234363765","2080023010","2080021030"
"X2080023010.2080022150.1","FRA","Axis2","-0.402964345160829","2080023010","2080022150"
"X2080017150.2080016960","ESP","Axis1","-0.0761285824843495","2080017150","2080016960"
"X2080020120.2080016960","ESP","Axis1","0.106091080668293","2080020120","2080016960"
"X2080020120.2080017150","ESP","Axis1","-0.434932621777584","2080020120","2080017150"
"X2080017150.2080016960.1","ESP","Axis2","0.52126323612986","2080017150","2080016960"
"X2080020120.2080016960.1","ESP","Axis2","0.103870902980217","2080020120","2080016960"
"X2080020120.2080017150.1","ESP","Axis2","0.706127134860082","2080020120","2080017150"
"X2080030160.2080030100","SWE","Axis1","-0.0852483091242991","2080030160","2080030100"
"X2080030220.2080030100","SWE","Axis1","-0.164700970622803","2080030220","2080030100"
"X2080030370.2080030100","SWE","Axis1","0.609903240692772","2080030370","2080030100"
"X2080030420.2080030100","SWE","Axis1","0.528088031198829","2080030420","2080030100"
"X2080030460.2080030100","SWE","Axis1","0.110945740468039","2080030460","2080030100"
"X2080030560.2080030100","SWE","Axis1","0.698173483451687","2080030560","2080030100"
"X2080030610.2080030100","SWE","Axis1","0.589871949279315","2080030610","2080030100"
"X2080030630.2080030100","SWE","Axis1","0.638458850187901","2080030630","2080030100"
"X2080030660.2080030100","SWE","Axis1","0.131241947895824","2080030660","2080030100"
"X2080030710.2080030100","SWE","Axis1","-0.0817285094637687","2080030710","2080030100"
"X2080030760.2080030100","SWE","Axis1","-0.224627285230098","2080030760","2080030100"
"X2080031060.2080030100","SWE","Axis1","0.231952848595356","2080031060","2080030100"
"X2080031740.2080030100","SWE","Axis1","0.621759477051738","2080031740","2080030100"
"X2080031750.2080030100","SWE","Axis1","0.698245095759311","2080031750","2080030100"
"X2080031960.2080030100","SWE","Axis1","-0.00918288984346494","2080031960","2080030100"
"X2080032230.2080030100","SWE","Axis1","-0.244055941062851","2080032230","2080030100"
"X2080032600.2080030100","SWE","Axis1","0.131391896980388","2080032600","2080030100"
"X2080032670.2080030100","SWE","Axis1","-0.0164710622725459","2080032670","2080030100"
"X2080032980.2080030100","SWE","Axis1","-0.291495368736512","2080032980","2080030100"
"X2080033010.2080030100","SWE","Axis1","-0.0541743596952973","2080033010","2080030100"
"X2080033020.2080030100","SWE","Axis1","-0.446997638411318","2080033020","2080030100"
"X2080033080.2080030100","SWE","Axis1","-0.244738715638305","2080033080","2080030100"
"X2080033090.2080030100","SWE","Axis1","-0.28948943055731","2080033090","2080030100"
"X2080033120.2080030100","SWE","Axis1","-0.398565026308838","2080033120","2080030100"
"X2080033190.2080030100","SWE","Axis1","-0.521884514917031","2080033190","2080030100"
"X2080033320.2080030100","SWE","Axis1","-0.477109035729406","2080033320","2080030100"
"X2080030220.2080030160","SWE","Axis1","0.112777509337493","2080030220","2080030160"
"X2080030370.2080030160","SWE","Axis1","0.381693363657004","2080030370","2080030160"
"X2080030420.2080030160","SWE","Axis1","-0.291185436090299","2080030420","2080030160"
"X2080030460.2080030160","SWE","Axis1","-0.569953644682171","2080030460","2080030160"
"X2080030560.2080030160","SWE","Axis1","-0.0156373642612754","2080030560","2080030160"
"X2080030610.2080030160","SWE","Axis1","-0.102970736229717","2080030610","2080030160"
"X2080030630.2080030160","SWE","Axis1","0.441935806745644","2080030630","2080030160"
"X2080030660.2080030160","SWE","Axis1","0.147720774065745","2080030660","2080030160"
"X2080030710.2080030160","SWE","Axis1","0.442975629284901","2080030710","2080030160"
"X2080030760.2080030160","SWE","Axis1","-0.0436064484921795","2080030760","2080030160"
"X2080031060.2080030160","SWE","Axis1","0.318894319125911","2080031060","2080030160"
"X2080031740.2080030160","SWE","Axis1","0.29957827744504","2080031740","2080030160"
"X2080031750.2080030160","SWE","Axis1","-0.352115440833122","2080031750","2080030160"
"X2080031960.2080030160","SWE","Axis1","0.42805494336084","2080031960","2080030160"
"X2080032230.2080030160","SWE","Axis1","-0.401158405765312","2080032230","2080030160"
"X2080032600.2080030160","SWE","Axis1","-0.404118943036988","2080032600","2080030160"
"X2080032670.2080030160","SWE","Axis1","0.65260685082775","2080032670","2080030160"
"X2080032980.2080030160","SWE","Axis1","0.76325693634078","2080032980","2080030160"
"X2080033010.2080030160","SWE","Axis1","-0.275547194702353","2080033010","2080030160"
"X2080033020.2080030160","SWE","Axis1","-0.17696713696405","2080033020","2080030160"
"X2080033080.2080030160","SWE","Axis1","-0.0657272664060488","2080033080","2080030160"
"X2080033090.2080030160","SWE","Axis1","0.48529395257017","2080033090","2080030160"
"X2080033120.2080030160","SWE","Axis1","0.337871984455849","2080033120","2080030160"
"X2080033190.2080030160","SWE","Axis1","0.0797886290108004","2080033190","2080030160"
"X2080033320.2080030160","SWE","Axis1","-0.241558528476166","2080033320","2080030160"
"X2080030370.2080030220","SWE","Axis1","0.207563925965067","2080030370","2080030220"
"X2080030420.2080030220","SWE","Axis1","-0.133776605513231","2080030420","2080030220"
"X2080030460.2080030220","SWE","Axis1","-0.174978224185323","2080030460","2080030220"
"X2080030560.2080030220","SWE","Axis1","-0.434502071995289","2080030560","2080030220"
"X2080030610.2080030220","SWE","Axis1","0.103272512952393","2080030610","2080030220"
"X2080030630.2080030220","SWE","Axis1","-0.217025019391279","2080030630","2080030220"
"X2080030660.2080030220","SWE","Axis1","-0.32903078865733","2080030660","2080030220"
"X2080030710.2080030220","SWE","Axis1","0.590845963929092","2080030710","2080030220"
"X2080030760.2080030220","SWE","Axis1","0.125444858334841","2080030760","2080030220"
"X2080031060.2080030220","SWE","Axis1","0.744011565142006","2080031060","2080030220"
"X2080031740.2080030220","SWE","Axis1","0.258148575136755","2080031740","2080030220"
"X2080031750.2080030220","SWE","Axis1","-0.449976024289761","2080031750","2080030220"
"X2080031960.2080030220","SWE","Axis1","0.382662923956072","2080031960","2080030220"
"X2080032230.2080030220","SWE","Axis1","-0.628647294344209","2080032230","2080030220"
"X2080032600.2080030220","SWE","Axis1","0.0941056232124539","2080032600","2080030220"
"X2080032670.2080030220","SWE","Axis1","0.565569967411798","2080032670","2080030220"
"X2080032980.2080030220","SWE","Axis1","0.0760087240557626","2080032980","2080030220"
"X2080033010.2080030220","SWE","Axis1","-0.85170188701447","2080033010","2080030220"
"X2080033020.2080030220","SWE","Axis1","-0.431307835417695","2080033020","2080030220"
"X2080033080.2080030220","SWE","Axis1","-0.472302372964439","2080033080","2080030220"
"X2080033090.2080030220","SWE","Axis1","-0.428699736197484","2080033090","2080030220"
"X2080033120.2080030220","SWE","Axis1","0.612263238577068","2080033120","2080030220"
"X2080033190.2080030220","SWE","Axis1","-0.313755502629348","2080033190","2080030220"
"X2080033320.2080030220","SWE","Axis1","0.357979748772261","2080033320","2080030220"
"X2080030420.2080030370","SWE","Axis1","0.375822891059381","2080030420","2080030370"
"X2080030460.2080030370","SWE","Axis1","-0.0276920048751805","2080030460","2080030370"
"X2080030560.2080030370","SWE","Axis1","0.440669424400933","2080030560","2080030370"
"X2080030610.2080030370","SWE","Axis1","0.482674529334611","2080030610","2080030370"
"X2080030630.2080030370","SWE","Axis1","0.557710896958066","2080030630","2080030370"
"X2080030660.2080030370","SWE","Axis1","0.326120881453629","2080030660","2080030370"
"X2080030710.2080030370","SWE","Axis1","0.570879953648545","2080030710","2080030370"
"X2080030760.2080030370","SWE","Axis1","0.0949074701996496","2080030760","2080030370"
"X2080031060.2080030370","SWE","Axis1","0.514709117136062","2080031060","2080030370"
"X2080031740.2080030370","SWE","Axis1","0.549788125010836","2080031740","2080030370"
"X2080031750.2080030370","SWE","Axis1","0.185846434776372","2080031750","2080030370"
"X2080031960.2080030370","SWE","Axis1","0.4034796360046","2080031960","2080030370"
"X2080032230.2080030370","SWE","Axis1","-0.673551329678058","2080032230","2080030370"
"X2080032600.2080030370","SWE","Axis1","0.121436925206829","2080032600","2080030370"
"X2080032670.2080030370","SWE","Axis1","0.48229065469594","2080032670","2080030370"
"X2080032980.2080030370","SWE","Axis1","0.400612020638595","2080032980","2080030370"
"X2080033010.2080030370","SWE","Axis1","-0.537449919251763","2080033010","2080030370"
"X2080033020.2080030370","SWE","Axis1","-0.78859772214957","2080033020","2080030370"
"X2080033080.2080030370","SWE","Axis1","-0.3905053511653","2080033080","2080030370"
"X2080033090.2080030370","SWE","Axis1","-0.179837964044444","2080033090","2080030370"
"X2080033120.2080030370","SWE","Axis1","-0.1021246595696","2080033120","2080030370"
"X2080033190.2080030370","SWE","Axis1","-0.468754709791087","2080033190","2080030370"
"X2080033320.2080030370","SWE","Axis1","-0.129869103462414","2080033320","2080030370"
"X2080030460.2080030420","SWE","Axis1","0.168931615089396","2080030460","2080030420"
"X2080030560.2080030420","SWE","Axis1","0.16684172819989","2080030560","2080030420"
"X2080030610.2080030420","SWE","Axis1","0.713405454169551","2080030610","2080030420"
"X2080030630.2080030420","SWE","Axis1","0.0302591034966947","2080030630","2080030420"
"X2080030660.2080030420","SWE","Axis1","0.490922948499559","2080030660","2080030420"
"X2080030710.2080030420","SWE","Axis1","0.232691319252212","2080030710","2080030420"
"X2080030760.2080030420","SWE","Axis1","0.207951926583755","2080030760","2080030420"
"X2080031060.2080030420","SWE","Axis1","-0.212308115646424","2080031060","2080030420"
"X2080031740.2080030420","SWE","Axis1","0.323899490662928","2080031740","2080030420"
"X2080031750.2080030420","SWE","Axis1","0.332819826573541","2080031750","2080030420"
"X2080031960.2080030420","SWE","Axis1","-0.21674163196932","2080031960","2080030420"
"X2080032230.2080030420","SWE","Axis1","-0.0982509186953108","2080032230","2080030420"
"X2080032600.2080030420","SWE","Axis1","0.384969828635814","2080032600","2080030420"
"X2080032670.2080030420","SWE","Axis1","0.177842853173892","2080032670","2080030420"
"X2080032980.2080030420","SWE","Axis1","-0.047679573109486","2080032980","2080030420"
"X2080033010.2080030420","SWE","Axis1","0.215861511255463","2080033010","2080030420"
"X2080033020.2080030420","SWE","Axis1","-0.300462808892205","2080033020","2080030420"
"X2080033080.2080030420","SWE","Axis1","-0.128992645108537","2080033080","2080030420"
"X2080033090.2080030420","SWE","Axis1","-0.286835907633102","2080033090","2080030420"
"X2080033120.2080030420","SWE","Axis1","-0.185188030981523","2080033120","2080030420"
"X2080033190.2080030420","SWE","Axis1","0.00728298927808209","2080033190","2080030420"
"X2080033320.2080030420","SWE","Axis1","-0.144024935134686","2080033320","2080030420"
"X2080030560.2080030460","SWE","Axis1","-0.171004518175","2080030560","2080030460"
"X2080030610.2080030460","SWE","Axis1","0.170701884521342","2080030610","2080030460"
"X2080030630.2080030460","SWE","Axis1","-0.332693140065652","2080030630","2080030460"
"X2080030660.2080030460","SWE","Axis1","-0.176483164529518","2080030660","2080030460"
"X2080030710.2080030460","SWE","Axis1","-0.118975221143046","2080030710","2080030460"
"X2080030760.2080030460","SWE","Axis1","0.133289932935857","2080030760","2080030460"
"X2080031060.2080030460","SWE","Axis1","-0.193133440170685","2080031060","2080030460"
"X2080031740.2080030460","SWE","Axis1","0.0593247054031756","2080031740","2080030460"
"X2080031750.2080030460","SWE","Axis1","0.103169705992701","2080031750","2080030460"
"X2080031960.2080030460","SWE","Axis1","-0.156837088942324","2080031960","2080030460"
"X2080032230.2080030460","SWE","Axis1","-0.0689630005678505","2080032230","2080030460"
"X2080032600.2080030460","SWE","Axis1","0.253170932327246","2080032600","2080030460"
"X2080032670.2080030460","SWE","Axis1","-0.246687663166769","2080032670","2080030460"
"X2080032980.2080030460","SWE","Axis1","-0.37003922621448","2080032980","2080030460"
"X2080033010.2080030460","SWE","Axis1","0.0498608642463716","2080033010","2080030460"
"X2080033020.2080030460","SWE","Axis1","-0.00731023946594252","2080033020","2080030460"
"X2080033080.2080030460","SWE","Axis1","0.335728804165065","2080033080","2080030460"
"X2080033090.2080030460","SWE","Axis1","-0.501355954536788","2080033090","2080030460"
"X2080033120.2080030460","SWE","Axis1","-0.08781283448336","2080033120","2080030460"
"X2080033190.2080030460","SWE","Axis1","0.0633687899102257","2080033190","2080030460"
"X2080033320.2080030460","SWE","Axis1","0.4374947048772","2080033320","2080030460"
"X2080030610.2080030560","SWE","Axis1","0.0326812214983129","2080030610","2080030560"
"X2080030630.2080030560","SWE","Axis1","0.622581256378261","2080030630","2080030560"
"X2080030660.2080030560","SWE","Axis1","0.189663215383223","2080030660","2080030560"
"X2080030710.2080030560","SWE","Axis1","-0.305787243097525","2080030710","2080030560"
"X2080030760.2080030560","SWE","Axis1","-0.403561191092874","2080030760","2080030560"
"X2080031060.2080030560","SWE","Axis1","-0.0538534192737985","2080031060","2080030560"
"X2080031740.2080030560","SWE","Axis1","0.0905452167195105","2080031740","2080030560"
"X2080031750.2080030560","SWE","Axis1","0.593694588780749","2080031750","2080030560"
"X2080031960.2080030560","SWE","Axis1","0.0887667152952779","2080031960","2080030560"
"X2080032230.2080030560","SWE","Axis1","0.0904398557271236","2080032230","2080030560"
"X2080032600.2080030560","SWE","Axis1","0.0659559027936271","2080032600","2080030560"
"X2080032670.2080030560","SWE","Axis1","-0.351112744626838","2080032670","2080030560"
"X2080032980.2080030560","SWE","Axis1","-0.183451565632033","2080032980","2080030560"
"X2080033010.2080030560","SWE","Axis1","0.103361260637393","2080033010","2080030560"
"X2080033020.2080030560","SWE","Axis1","-0.333917797247222","2080033020","2080030560"
"X2080033080.2080030560","SWE","Axis1","-0.118643424593237","2080033080","2080030560"
"X2080033090.2080030560","SWE","Axis1","0.192197484086673","2080033090","2080030560"
"X2080033120.2080030560","SWE","Axis1","-0.722696884464417","2080033120","2080030560"
"X2080033190.2080030560","SWE","Axis1","-0.606732962903091","2080033190","2080030560"
"X2080033320.2080030560","SWE","Axis1","-0.501641522610066","2080033320","2080030560"
"X2080030630.2080030610","SWE","Axis1","0.163165891089924","2080030630","2080030610"
"X2080030660.2080030610","SWE","Axis1","0.557206747521825","2080030660","2080030610"
"X2080030710.2080030610","SWE","Axis1","0.348045827295637","2080030710","2080030610"
"X2080030760.2080030610","SWE","Axis1","0.577461673028718","2080030760","2080030610"
"X2080031060.2080030610","SWE","Axis1","0.225017033516807","2080031060","2080030610"
"X2080031740.2080030610","SWE","Axis1","0.434725762337031","2080031740","2080030610"
"X2080031750.2080030610","SWE","Axis1","0.503266150922835","2080031750","2080030610"
"X2080031960.2080030610","SWE","Axis1","-0.0370077493366856","2080031960","2080030610"
"X2080032230.2080030610","SWE","Axis1","-0.318272124429754","2080032230","2080030610"
"X2080032600.2080030610","SWE","Axis1","0.511372522149601","2080032600","2080030610"
"X2080032670.2080030610","SWE","Axis1","0.292878243384858","2080032670","2080030610"
"X2080032980.2080030610","SWE","Axis1","0.0263007942009322","2080032980","2080030610"
"X2080033010.2080030610","SWE","Axis1","-0.0397585397744107","2080033010","2080030610"
"X2080033020.2080030610","SWE","Axis1","-0.110450344810441","2080033020","2080030610"
"X2080033080.2080030610","SWE","Axis1","-0.500265062507871","2080033080","2080030610"
"X2080033090.2080030610","SWE","Axis1","-0.332399286240855","2080033090","2080030610"
"X2080033120.2080030610","SWE","Axis1","0.203772933312036","2080033120","2080030610"
"X2080033190.2080030610","SWE","Axis1","0.0431980860924305","2080033190","2080030610"
"X2080033320.2080030610","SWE","Axis1","-0.0663342736825025","2080033320","2080030610"
"X2080030660.2080030630","SWE","Axis1","0.0633697777475271","2080030660","2080030630"
"X2080030710.2080030630","SWE","Axis1","-0.168966110192257","2080030710","2080030630"
"X2080030760.2080030630","SWE","Axis1","-0.299537397534945","2080030760","2080030630"
"X2080031060.2080030630","SWE","Axis1","0.376117529489034","2080031060","2080030630"
"X2080031740.2080030630","SWE","Axis1","0.523776504173954","2080031740","2080030630"
"X2080031750.2080030630","SWE","Axis1","0.549705361927561","2080031750","2080030630"
"X2080031960.2080030630","SWE","Axis1","0.0199534509010327","2080031960","2080030630"
"X2080032230.2080030630","SWE","Axis1","-0.0958200828752266","2080032230","2080030630"
"X2080032600.2080030630","SWE","Axis1","-0.497266265304255","2080032600","2080030630"
"X2080032670.2080030630","SWE","Axis1","-0.000186845765628359","2080032670","2080030630"
"X2080032980.2080030630","SWE","Axis1","0.203842715577653","2080032980","2080030630"
"X2080033010.2080030630","SWE","Axis1","-0.0223369950430938","2080033010","2080030630"
"X2080033020.2080030630","SWE","Axis1","-0.31225974865526","2080033020","2080030630"
"X2080033080.2080030630","SWE","Axis1","-0.112404369815921","2080033080","2080030630"
"X2080033090.2080030630","SWE","Axis1","-0.0155845976464579","2080033090","2080030630"
"X2080033120.2080030630","SWE","Axis1","-0.458467309291836","2080033120","2080030630"
"X2080033190.2080030630","SWE","Axis1","-0.318808536031158","2080033190","2080030630"
"X2080033320.2080030630","SWE","Axis1","-0.767047737416606","2080033320","2080030630"
"X2080030710.2080030660","SWE","Axis1","0.339668591658875","2080030710","2080030660"
"X2080030760.2080030660","SWE","Axis1","0.679911417403855","2080030760","2080030660"
"X2080031060.2080030660","SWE","Axis1","-0.230082658738976","2080031060","2080030660"
"X2080031740.2080030660","SWE","Axis1","-0.253558358915563","2080031740","2080030660"
"X2080031750.2080030660","SWE","Axis1","0.328427631240703","2080031750","2080030660"
"X2080031960.2080030660","SWE","Axis1","-0.05510374396987","2080031960","2080030660"
"X2080032230.2080030660","SWE","Axis1","0.1155109273084","2080032230","2080030660"
"X2080032600.2080030660","SWE","Axis1","0.529870539315801","2080032600","2080030660"
"X2080032670.2080030660","SWE","Axis1","0.0888882445405823","2080032670","2080030660"
"X2080032980.2080030660","SWE","Axis1","0.416468162134446","2080032980","2080030660"
"X2080033010.2080030660","SWE","Axis1","0.302803452273213","2080033010","2080030660"
"X2080033020.2080030660","SWE","Axis1","0.160652561248431","2080033020","2080030660"
"X2080033080.2080030660","SWE","Axis1","-0.417898723310413","2080033080","2080030660"
"X2080033090.2080030660","SWE","Axis1","0.434252044051496","2080033090","2080030660"
"X2080033120.2080030660","SWE","Axis1","-0.0185422819269725","2080033120","2080030660"
"X2080033190.2080030660","SWE","Axis1","0.355029811989174","2080033190","2080030660"
"X2080033320.2080030660","SWE","Axis1","0.0162397153456225","2080033320","2080030660"
"X2080030760.2080030710","SWE","Axis1","0.403457701993745","2080030760","2080030710"
"X2080031060.2080030710","SWE","Axis1","0.461869662879832","2080031060","2080030710"
"X2080031740.2080030710","SWE","Axis1","0.17501669623277","2080031740","2080030710"
"X2080031750.2080030710","SWE","Axis1","-0.463052665420264","2080031750","2080030710"
"X2080031960.2080030710","SWE","Axis1","0.342569751569939","2080031960","2080030710"
"X2080032230.2080030710","SWE","Axis1","-0.656946459127509","2080032230","2080030710"
"X2080032600.2080030710","SWE","Axis1","0.319521311949907","2080032600","2080030710"
"X2080032670.2080030710","SWE","Axis1","0.805578102425885","2080032670","2080030710"
"X2080032980.2080030710","SWE","Axis1","0.50843336594744","2080032980","2080030710"
"X2080033010.2080030710","SWE","Axis1","-0.651288588424554","2080033010","2080030710"
"X2080033020.2080030710","SWE","Axis1","-0.500296610259109","2080033020","2080030710"
"X2080033080.2080030710","SWE","Axis1","-0.504425486820152","2080033080","2080030710"
"X2080033090.2080030710","SWE","Axis1","0.0437826385965188","2080033090","2080030710"
"X2080033120.2080030710","SWE","Axis1","0.555854089989618","2080033120","2080030710"
"X2080033190.2080030710","SWE","Axis1","0.0426871164958857","2080033190","2080030710"
"X2080033320.2080030710","SWE","Axis1","0.495897272299562","2080033320","2080030710"
"X2080031060.2080030760","SWE","Axis1","0.0302977352137043","2080031060","2080030760"
"X2080031740.2080030760","SWE","Axis1","-0.247790636505795","2080031740","2080030760"
"X2080031750.2080030760","SWE","Axis1","0.0988608578847933","2080031750","2080030760"
"X2080031960.2080030760","SWE","Axis1","0.0551685337894518","2080031960","2080030760"
"X2080032230.2080030760","SWE","Axis1","-0.0816745180521369","2080032230","2080030760"
"X2080032600.2080030760","SWE","Axis1","0.567632978557553","2080032600","2080030760"
"X2080032670.2080030760","SWE","Axis1","0.166059950719384","2080032670","2080030760"
"X2080032980.2080030760","SWE","Axis1","0.373488045259519","2080032980","2080030760"
"X2080033010.2080030760","SWE","Axis1","0.0225466718260727","2080033010","2080030760"
"X2080033020.2080030760","SWE","Axis1","0.329657549636464","2080033020","2080030760"
"X2080033080.2080030760","SWE","Axis1","-0.415251740704692","2080033080","2080030760"
"X2080033090.2080030760","SWE","Axis1","-0.00850055145457008","2080033090","2080030760"
"X2080033120.2080030760","SWE","Axis1","0.44849846661209","2080033120","2080030760"
"X2080033190.2080030760","SWE","Axis1","0.464850184234383","2080033190","2080030760"
"X2080033320.2080030760","SWE","Axis1","0.376093357569518","2080033320","2080030760"
"X2080031740.2080031060","SWE","Axis1","0.429005271474469","2080031740","2080031060"
"X2080031750.2080031060","SWE","Axis1","0.0164484840689876","2080031750","2080031060"
"X2080031960.2080031060","SWE","Axis1","0.205449340964438","2080031960","2080031060"
"X2080032230.2080031060","SWE","Axis1","-0.550042355501378","2080032230","2080031060"
"X2080032600.2080031060","SWE","Axis1","-0.14023300580944","2080032600","2080031060"
"X2080032670.2080031060","SWE","Axis1","0.393211444715714","2080032670","2080031060"
"X2080032980.2080031060","SWE","Axis1","0.0759097951613071","2080032980","2080031060"
"X2080033010.2080031060","SWE","Axis1","-0.823150772868689","2080033010","2080031060"
"X2080033020.2080031060","SWE","Axis1","-0.487107184696139","2080033020","2080031060"
"X2080033080.2080031060","SWE","Axis1","-0.630672272197006","2080033080","2080031060"
"X2080033090.2080031060","SWE","Axis1","-0.358159583862739","2080033090","2080031060"
"X2080033120.2080031060","SWE","Axis1","0.282340003539304","2080033120","2080031060"
"X2080033190.2080031060","SWE","Axis1","-0.35323688547836","2080033190","2080031060"
"X2080033320.2080031060","SWE","Axis1","0.0722816966899385","2080033320","2080031060"
"X2080031750.2080031740","SWE","Axis1","0.0896253675874174","2080031750","2080031740"
"X2080031960.2080031740","SWE","Axis1","0.299398498523346","2080031960","2080031740"
"X2080032230.2080031740","SWE","Axis1","-0.674688853331427","2080032230","2080031740"
"X2080032600.2080031740","SWE","Axis1","-0.293742862905359","2080032600","2080031740"
"X2080032670.2080031740","SWE","Axis1","0.556402645820422","2080032670","2080031740"
"X2080032980.2080031740","SWE","Axis1","0.126762442834268","2080032980","2080031740"
"X2080033010.2080031740","SWE","Axis1","-0.337335051833386","2080033010","2080031740"
"X2080033020.2080031740","SWE","Axis1","-0.545781573159031","2080033020","2080031740"
"X2080033080.2080031740","SWE","Axis1","0.0808346976689925","2080033080","2080031740"
"X2080033090.2080031740","SWE","Axis1","-0.526136285253223","2080033090","2080031740"
"X2080033120.2080031740","SWE","Axis1","0.135681970587233","2080033120","2080031740"
"X2080033190.2080031740","SWE","Axis1","-0.393048654465101","2080033190","2080031740"
"X2080033320.2080031740","SWE","Axis1","-0.466866359797083","2080033320","2080031740"
"X2080031960.2080031750","SWE","Axis1","-0.410689315720621","2080031960","2080031750"
"X2080032230.2080031750","SWE","Axis1","0.361435879381753","2080032230","2080031750"
"X2080032600.2080031750","SWE","Axis1","0.136827274330516","2080032600","2080031750"
"X2080032670.2080031750","SWE","Axis1","-0.560288146258113","2080032670","2080031750"
"X2080032980.2080031750","SWE","Axis1","-0.380668743846748","2080032980","2080031750"
"X2080033010.2080031750","SWE","Axis1","0.383086978555686","2080033010","2080031750"
"X2080033020.2080031750","SWE","Axis1","0.150154622350664","2080033020","2080031750"
"X2080033080.2080031750","SWE","Axis1","-0.286254354257411","2080033080","2080031750"
"X2080033090.2080031750","SWE","Axis1","-0.157811043903224","2080033090","2080031750"
"X2080033120.2080031750","SWE","Axis1","-0.573003705106727","2080033120","2080031750"
"X2080033190.2080031750","SWE","Axis1","-0.107434831199589","2080033190","2080031750"
"X2080033320.2080031750","SWE","Axis1","-0.466088630121408","2080033320","2080031750"
"X2080032230.2080031960","SWE","Axis1","-0.765116608075251","2080032230","2080031960"
"X2080032600.2080031960","SWE","Axis1","0.174941217102327","2080032600","2080031960"
"X2080032670.2080031960","SWE","Axis1","0.555468316353418","2080032670","2080031960"
"X2080032980.2080031960","SWE","Axis1","0.485652959310496","2080032980","2080031960"
"X2080033010.2080031960","SWE","Axis1","-0.544368275388997","2080033010","2080031960"
"X2080033020.2080031960","SWE","Axis1","-0.385844941433429","2080033020","2080031960"
"X2080033080.2080031960","SWE","Axis1","0.0287633683605864","2080033080","2080031960"
"X2080033090.2080031960","SWE","Axis1","0.00893785645165499","2080033090","2080031960"
"X2080033120.2080031960","SWE","Axis1","0.424140721200374","2080033120","2080031960"
"X2080033190.2080031960","SWE","Axis1","-0.557578112021014","2080033190","2080031960"
"X2080033320.2080031960","SWE","Axis1","-0.0130340634461517","2080033320","2080031960"
"X2080032600.2080032230","SWE","Axis1","-0.13392095149239","2080032600","2080032230"
"X2080032670.2080032230","SWE","Axis1","-0.809999731521098","2080032670","2080032230"
"X2080032980.2080032230","SWE","Axis1","-0.387656835387976","2080032980","2080032230"
"X2080033010.2080032230","SWE","Axis1","0.785588032708691","2080033010","2080032230"
"X2080033020.2080032230","SWE","Axis1","0.683951874309525","2080033020","2080032230"
"X2080033080.2080032230","SWE","Axis1","0.159656276402134","2080033080","2080032230"
"X2080033090.2080032230","SWE","Axis1","0.356872564196019","2080033090","2080032230"
"X2080033120.2080032230","SWE","Axis1","-0.513616154213331","2080033120","2080032230"
"X2080033190.2080032230","SWE","Axis1","0.49196044550094","2080033190","2080032230"
"X2080033320.2080032230","SWE","Axis1","-0.116275678324001","2080033320","2080032230"
"X2080032670.2080032600","SWE","Axis1","0.00675807496908342","2080032670","2080032600"
"X2080032980.2080032600","SWE","Axis1","-0.193779936583367","2080032980","2080032600"
"X2080033010.2080032600","SWE","Axis1","-0.0818136420051663","2080033010","2080032600"
"X2080033020.2080032600","SWE","Axis1","0.0435806703476082","2080033020","2080032600"
"X2080033080.2080032600","SWE","Axis1","-0.473633725519551","2080033080","2080032600"
"X2080033090.2080032600","SWE","Axis1","0.05010940844715","2080033090","2080032600"
"X2080033120.2080032600","SWE","Axis1","0.239124720091108","2080033120","2080032600"
"X2080033190.2080032600","SWE","Axis1","-0.0809767341795004","2080033190","2080032600"
"X2080033320.2080032600","SWE","Axis1","0.513837194923959","2080033320","2080032600"
"X2080032980.2080032670","SWE","Axis1","0.615513875412548","2080032980","2080032670"
"X2080033010.2080032670","SWE","Axis1","-0.558818468825846","2080033010","2080032670"
"X2080033020.2080032670","SWE","Axis1","-0.461311730561378","2080033020","2080032670"
"X2080033080.2080032670","SWE","Axis1","-0.158803362490777","2080033080","2080032670"
"X2080033090.2080032670","SWE","Axis1","-0.032187040244055","2080033090","2080032670"
"X2080033120.2080032670","SWE","Axis1","0.689569092888721","2080033120","2080032670"
"X2080033190.2080032670","SWE","Axis1","-0.0466086278654574","2080033190","2080032670"
"X2080033320.2080032670","SWE","Axis1","0.0904433731172781","2080033320","2080032670"
"X2080033010.2080032980","SWE","Axis1","-0.144084567090264","2080033010","2080032980"
"X2080033020.2080032980","SWE","Axis1","-0.139937187624892","2080033020","2080032980"
"X2080033080.2080032980","SWE","Axis1","0.0473630191377105","2080033080","2080032980"
"X2080033090.2080032980","SWE","Axis1","0.292395385223947","2080033090","2080032980"
"X2080033120.2080032980","SWE","Axis1","0.311178013870869","2080033120","2080032980"
"X2080033190.2080032980","SWE","Axis1","0.214257880381187","2080033190","2080032980"
"X2080033320.2080032980","SWE","Axis1","-0.118850878483888","2080033320","2080032980"
"X2080033020.2080033010","SWE","Axis1","0.689315875141966","2080033020","2080033010"
"X2080033080.2080033010","SWE","Axis1","0.454585170096902","2080033080","2080033010"
"X2080033090.2080033010","SWE","Axis1","0.318895716157347","2080033090","2080033010"
"X2080033120.2080033010","SWE","Axis1","-0.408712301805887","2080033120","2080033010"
"X2080033190.2080033010","SWE","Axis1","0.533788799146139","2080033190","2080033010"
"X2080033320.2080033010","SWE","Axis1","-0.368331579467266","2080033320","2080033010"
"X2080033080.2080033020","SWE","Axis1","0.166672922767158","2080033080","2080033020"
"X2080033090.2080033020","SWE","Axis1","0.37297131327422","2080033090","2080033020"
"X2080033120.2080033020","SWE","Axis1","0.154696027025283","2080033120","2080033020"
"X2080033190.2080033020","SWE","Axis1","0.683351974497688","2080033190","2080033020"
"X2080033320.2080033020","SWE","Axis1","0.0177128594810572","2080033320","2080033020"
"X2080033090.2080033080","SWE","Axis1","-0.0548600502709059","2080033090","2080033080"
"X2080033120.2080033080","SWE","Axis1","-0.205833444015825","2080033120","2080033080"
"X2080033190.2080033080","SWE","Axis1","0.114467730470835","2080033190","2080033080"
"X2080033320.2080033080","SWE","Axis1","-0.23448000124372","2080033320","2080033080"
"X2080033120.2080033090","SWE","Axis1","0.0110306607619859","2080033120","2080033090"
"X2080033190.2080033090","SWE","Axis1","0.338322004371842","2080033190","2080033090"
"X2080033320.2080033090","SWE","Axis1","0.0199172023154052","2080033320","2080033090"
"X2080033190.2080033120","SWE","Axis1","0.240251900918731","2080033190","2080033120"
"X2080033320.2080033120","SWE","Axis1","0.417464523801603","2080033320","2080033120"
"X2080033320.2080033190","SWE","Axis1","0.241598082833464","2080033320","2080033190"
"X2080030160.2080030100.1","SWE","Axis2","0.61379665859067","2080030160","2080030100"
"X2080030220.2080030100.1","SWE","Axis2","0.316260384344644","2080030220","2080030100"
"X2080030370.2080030100.1","SWE","Axis2","0.408212449486574","2080030370","2080030100"
"X2080030420.2080030100.1","SWE","Axis2","-0.0420668237318529","2080030420","2080030100"
"X2080030460.2080030100.1","SWE","Axis2","0.242819459230349","2080030460","2080030100"
"X2080030560.2080030100.1","SWE","Axis2","-0.679409424941574","2080030560","2080030100"
"X2080030610.2080030100.1","SWE","Axis2","0.333127881379017","2080030610","2080030100"
"X2080030630.2080030100.1","SWE","Axis2","0.441016821885204","2080030630","2080030100"
"X2080030660.2080030100.1","SWE","Axis2","0.603913543358139","2080030660","2080030100"
"X2080030710.2080030100.1","SWE","Axis2","0.396297769603374","2080030710","2080030100"
"X2080030760.2080030100.1","SWE","Axis2","-0.512677037143567","2080030760","2080030100"
"X2080031060.2080030100.1","SWE","Axis2","-0.0416620983701777","2080031060","2080030100"
"X2080031740.2080030100.1","SWE","Axis2","-0.0374923053844614","2080031740","2080030100"
"X2080031750.2080030100.1","SWE","Axis2","0.236556643395721","2080031750","2080030100"
"X2080031960.2080030100.1","SWE","Axis2","0.150510224944778","2080031960","2080030100"
"X2080032230.2080030100.1","SWE","Axis2","0.383263422493119","2080032230","2080030100"
"X2080032600.2080030100.1","SWE","Axis2","0.62081532523896","2080032600","2080030100"
"X2080032670.2080030100.1","SWE","Axis2","-0.345152944916443","2080032670","2080030100"
"X2080032980.2080030100.1","SWE","Axis2","-0.0503816652846211","2080032980","2080030100"
"X2080033010.2080030100.1","SWE","Axis2","-0.347056657087839","2080033010","2080030100"
"X2080033020.2080030100.1","SWE","Axis2","0.232760495924481","2080033020","2080030100"
"X2080033080.2080030100.1","SWE","Axis2","0.591886855592386","2080033080","2080030100"
"X2080033090.2080030100.1","SWE","Axis2","-0.0170075684158019","2080033090","2080030100"
"X2080033120.2080030100.1","SWE","Axis2","0.735561390110607","2080033120","2080030100"
"X2080033190.2080030100.1","SWE","Axis2","-0.306171849006835","2080033190","2080030100"
"X2080033320.2080030100.1","SWE","Axis2","0.0446270202631592","2080033320","2080030100"
"X2080030220.2080030160.1","SWE","Axis2","0.291124826488313","2080030220","2080030160"
"X2080030370.2080030160.1","SWE","Axis2","0.520954080400394","2080030370","2080030160"
"X2080030420.2080030160.1","SWE","Axis2","-0.358317442653031","2080030420","2080030160"
"X2080030460.2080030160.1","SWE","Axis2","0.170096331086815","2080030460","2080030160"
"X2080030560.2080030160.1","SWE","Axis2","-0.550969783428648","2080030560","2080030160"
"X2080030610.2080030160.1","SWE","Axis2","0.25069378121047","2080030610","2080030160"
"X2080030630.2080030160.1","SWE","Axis2","0.229699429775372","2080030630","2080030160"
"X2080030660.2080030160.1","SWE","Axis2","0.258907951345846","2080030660","2080030160"
"X2080030710.2080030160.1","SWE","Axis2","-0.050155393836033","2080030710","2080030160"
"X2080030760.2080030160.1","SWE","Axis2","-0.493191405020495","2080030760","2080030160"
"X2080031060.2080030160.1","SWE","Axis2","0.317489070681985","2080031060","2080030160"
"X2080031740.2080030160.1","SWE","Axis2","0.310025863584659","2080031740","2080030160"
"X2080031750.2080030160.1","SWE","Axis2","0.162962141922016","2080031750","2080030160"
"X2080031960.2080030160.1","SWE","Axis2","0.207428553430882","2080031960","2080030160"
"X2080032230.2080030160.1","SWE","Axis2","0.0402809457203333","2080032230","2080030160"
"X2080032600.2080030160.1","SWE","Axis2","0.235369070989713","2080032600","2080030160"
"X2080032670.2080030160.1","SWE","Axis2","0.0361971985769718","2080032670","2080030160"
"X2080032980.2080030160.1","SWE","Axis2","-0.063480427886775","2080032980","2080030160"
"X2080033010.2080030160.1","SWE","Axis2","-0.767037119115624","2080033010","2080030160"
"X2080033020.2080030160.1","SWE","Axis2","-0.38568462069506","2080033020","2080030160"
"X2080033080.2080030160.1","SWE","Axis2","0.316923539188396","2080033080","2080030160"
"X2080033090.2080030160.1","SWE","Axis2","-0.199974942195908","2080033090","2080030160"
"X2080033120.2080030160.1","SWE","Axis2","0.81276637989357","2080033120","2080030160"
"X2080033190.2080030160.1","SWE","Axis2","-0.405430786107807","2080033190","2080030160"
"X2080033320.2080030160.1","SWE","Axis2","-0.31597511996267","2080033320","2080030160"
"X2080030370.2080030220.1","SWE","Axis2","0.524458317813174","2080030370","2080030220"
"X2080030420.2080030220.1","SWE","Axis2","0.0672601415043005","2080030420","2080030220"
"X2080030460.2080030220.1","SWE","Axis2","0.506934249992501","2080030460","2080030220"
"X2080030560.2080030220.1","SWE","Axis2","-0.337410002986872","2080030560","2080030220"
"X2080030610.2080030220.1","SWE","Axis2","0.435103685963685","2080030610","2080030220"
"X2080030630.2080030220.1","SWE","Axis2","0.119242751163652","2080030630","2080030220"
"X2080030660.2080030220.1","SWE","Axis2","0.528085744678008","2080030660","2080030220"
"X2080030710.2080030220.1","SWE","Axis2","0.215396900506379","2080030710","2080030220"
"X2080030760.2080030220.1","SWE","Axis2","-0.710495507607496","2080030760","2080030220"
"X2080031060.2080030220.1","SWE","Axis2","0.0440956587054381","2080031060","2080030220"
"X2080031740.2080030220.1","SWE","Axis2","0.37587241880344","2080031740","2080030220"
"X2080031750.2080030220.1","SWE","Axis2","-0.0373999312090043","2080031750","2080030220"
"X2080031960.2080030220.1","SWE","Axis2","0.635486291622734","2080031960","2080030220"
"X2080032230.2080030220.1","SWE","Axis2","-0.239891774489725","2080032230","2080030220"
"X2080032600.2080030220.1","SWE","Axis2","0.226718792488135","2080032600","2080030220"
"X2080032670.2080030220.1","SWE","Axis2","-0.0196123692640485","2080032670","2080030220"
"X2080032980.2080030220.1","SWE","Axis2","-0.492180533753335","2080032980","2080030220"
"X2080033010.2080030220.1","SWE","Axis2","-0.11097007918785","2080033010","2080030220"
"X2080033020.2080030220.1","SWE","Axis2","0.161361294998029","2080033020","2080030220"
"X2080033080.2080030220.1","SWE","Axis2","0.170454929265122","2080033080","2080030220"
"X2080033090.2080030220.1","SWE","Axis2","0.183192990440593","2080033090","2080030220"
"X2080033120.2080030220.1","SWE","Axis2","0.31469247763274","2080033120","2080030220"
"X2080033190.2080030220.1","SWE","Axis2","-0.116987937502678","2080033190","2080030220"
"X2080033320.2080030220.1","SWE","Axis2","-0.248811486507147","2080033320","2080030220"
"X2080030420.2080030370.1","SWE","Axis2","0.0238813034167301","2080030420","2080030370"
"X2080030460.2080030370.1","SWE","Axis2","0.152883321778297","2080030460","2080030370"
"X2080030560.2080030370.1","SWE","Axis2","-0.415956461483871","2080030560","2080030370"
"X2080030610.2080030370.1","SWE","Axis2","0.1295465981244","2080030610","2080030370"
"X2080030630.2080030370.1","SWE","Axis2","0.363589660508455","2080030630","2080030370"
"X2080030660.2080030370.1","SWE","Axis2","0.72016593030835","2080030660","2080030370"
"X2080030710.2080030370.1","SWE","Axis2","0.444729310390952","2080030710","2080030370"
"X2080030760.2080030370.1","SWE","Axis2","-0.479268972104016","2080030760","2080030370"
"X2080031060.2080030370.1","SWE","Axis2","0.546211324407102","2080031060","2080030370"
"X2080031740.2080030370.1","SWE","Axis2","0.559198121815484","2080031740","2080030370"
"X2080031750.2080030370.1","SWE","Axis2","0.0937366153713551","2080031750","2080030370"
"X2080031960.2080030370.1","SWE","Axis2","0.404068782805921","2080031960","2080030370"
"X2080032230.2080030370.1","SWE","Axis2","0.209294327303346","2080032230","2080030370"
"X2080032600.2080030370.1","SWE","Axis2","0.336742330813013","2080032600","2080030370"
"X2080032670.2080030370.1","SWE","Axis2","0.0774248432401402","2080032670","2080030370"
"X2080032980.2080030370.1","SWE","Axis2","-0.146101169606487","2080032980","2080030370"
"X2080033010.2080030370.1","SWE","Axis2","-0.351373983676225","2080033010","2080030370"
"X2080033020.2080030370.1","SWE","Axis2","-0.485173415374044","2080033020","2080030370"
"X2080033080.2080030370.1","SWE","Axis2","0.186897866242088","2080033080","2080030370"
"X2080033090.2080030370.1","SWE","Axis2","-0.538928201961733","2080033090","2080030370"
"X2080033120.2080030370.1","SWE","Axis2","0.192458215904772","2080033120","2080030370"
"X2080033190.2080030370.1","SWE","Axis2","-0.552557638493597","2080033190","2080030370"
"X2080033320.2080030370.1","SWE","Axis2","-0.0706501880603171","2080033320","2080030370"
"X2080030460.2080030420.1","SWE","Axis2","-0.599492163251416","2080030460","2080030420"
"X2080030560.2080030420.1","SWE","Axis2","0.606318495410476","2080030560","2080030420"
"X2080030610.2080030420.1","SWE","Axis2","0.406183740072401","2080030610","2080030420"
"X2080030630.2080030420.1","SWE","Axis2","0.308217641188706","2080030630","2080030420"
"X2080030660.2080030420.1","SWE","Axis2","0.43239615282717","2080030660","2080030420"
"X2080030710.2080030420.1","SWE","Axis2","-0.213312477321779","2080030710","2080030420"
"X2080030760.2080030420.1","SWE","Axis2","0.276520194500596","2080030760","2080030420"
"X2080031060.2080030420.1","SWE","Axis2","0.174456549084126","2080031060","2080030420"
"X2080031740.2080030420.1","SWE","Axis2","0.0303224046307694","2080031740","2080030420"
"X2080031750.2080030420.1","SWE","Axis2","0.284148449679671","2080031750","2080030420"
"X2080031960.2080030420.1","SWE","Axis2","-0.51547270320799","2080031960","2080030420"
"X2080032230.2080030420.1","SWE","Axis2","0.435907357327924","2080032230","2080030420"
"X2080032600.2080030420.1","SWE","Axis2","0.156561631802322","2080032600","2080030420"
"X2080032670.2080030420.1","SWE","Axis2","0.332097908107089","2080032670","2080030420"
"X2080032980.2080030420.1","SWE","Axis2","-0.471225899057095","2080032980","2080030420"
"X2080033010.2080030420.1","SWE","Axis2","0.500748696190023","2080033010","2080030420"
"X2080033020.2080030420.1","SWE","Axis2","-0.10434082694712","2080033020","2080030420"
"X2080033080.2080030420.1","SWE","Axis2","0.0403515003565793","2080033080","2080030420"
"X2080033090.2080030420.1","SWE","Axis2","-0.195542934185881","2080033090","2080030420"
"X2080033120.2080030420.1","SWE","Axis2","-0.164184634650128","2080033120","2080030420"
"X2080033190.2080030420.1","SWE","Axis2","-0.117726697896314","2080033190","2080030420"
"X2080033320.2080030420.1","SWE","Axis2","0.186144225466909","2080033320","2080030420"
"X2080030560.2080030460.1","SWE","Axis2","-0.772873681870756","2080030560","2080030460"
"X2080030610.2080030460.1","SWE","Axis2","-0.240833123289545","2080030610","2080030460"
"X2080030630.2080030460.1","SWE","Axis2","0.0501223042270283","2080030630","2080030460"
"X2080030660.2080030460.1","SWE","Axis2","0.103835047224711","2080030660","2080030460"
"X2080030710.2080030460.1","SWE","Axis2","0.463190008730765","2080030710","2080030460"
"X2080030760.2080030460.1","SWE","Axis2","-0.631635940992206","2080030760","2080030460"
"X2080031060.2080030460.1","SWE","Axis2","-0.254223599906498","2080031060","2080030460"
"X2080031740.2080030460.1","SWE","Axis2","-0.144510905929939","2080031740","2080030460"
"X2080031750.2080030460.1","SWE","Axis2","-0.00410487752480321","2080031750","2080030460"
"X2080031960.2080030460.1","SWE","Axis2","0.692196012000716","2080031960","2080030460"
"X2080032230.2080030460.1","SWE","Axis2","-0.493067587930943","2080032230","2080030460"
"X2080032600.2080030460.1","SWE","Axis2","0.0590694126284082","2080032600","2080030460"
"X2080032670.2080030460.1","SWE","Axis2","-0.46881113717376","2080032670","2080030460"
"X2080032980.2080030460.1","SWE","Axis2","-0.0663489797650319","2080032980","2080030460"
"X2080033010.2080030460.1","SWE","Axis2","-0.279260405752367","2080033010","2080030460"
"X2080033020.2080030460.1","SWE","Axis2","0.4029758604535","2080033020","2080030460"
"X2080033080.2080030460.1","SWE","Axis2","-0.167179143012997","2080033080","2080030460"
"X2080033090.2080030460.1","SWE","Axis2","0.441051764965142","2080033090","2080030460"
"X2080033120.2080030460.1","SWE","Axis2","0.304436108043812","2080033120","2080030460"
"X2080033190.2080030460.1","SWE","Axis2","0.45150784571255","2080033190","2080030460"
"X2080033320.2080030460.1","SWE","Axis2","-0.038425247937376","2080033320","2080030460"
"X2080030610.2080030560.1","SWE","Axis2","0.0631014066338431","2080030610","2080030560"
"X2080030630.2080030560.1","SWE","Axis2","-0.160383651036508","2080030630","2080030560"
"X2080030660.2080030560.1","SWE","Axis2","-0.295164413175203","2080030660","2080030560"
"X2080030710.2080030560.1","SWE","Axis2","-0.586115709713166","2080030710","2080030560"
"X2080030760.2080030560.1","SWE","Axis2","0.549674113294387","2080030760","2080030560"
"X2080031060.2080030560.1","SWE","Axis2","0.130072162530825","2080031060","2080030560"
"X2080031740.2080030560.1","SWE","Axis2","0.0804136566521143","2080031740","2080030560"
"X2080031750.2080030560.1","SWE","Axis2","-0.18430844691442","2080031750","2080030560"
"X2080031960.2080030560.1","SWE","Axis2","-0.604655389555147","2080031960","2080030560"
"X2080032230.2080030560.1","SWE","Axis2","0.030579793405852","2080032230","2080030560"
"X2080032600.2080030560.1","SWE","Axis2","-0.270549516151518","2080032600","2080030560"
"X2080032670.2080030560.1","SWE","Axis2","0.489088184149281","2080032670","2080030560"
"X2080032980.2080030560.1","SWE","Axis2","-0.0931953404689101","2080032980","2080030560"
"X2080033010.2080030560.1","SWE","Axis2","0.483909174962661","2080033010","2080030560"
"X2080033020.2080030560.1","SWE","Axis2","-0.22527940987019","2080033020","2080030560"
"X2080033080.2080030560.1","SWE","Axis2","-0.110174145172433","2080033080","2080030560"
"X2080033090.2080030560.1","SWE","Axis2","-0.145903629832472","2080033090","2080030560"
"X2080033120.2080030560.1","SWE","Axis2","-0.554878748792706","2080033120","2080030560"
"X2080033190.2080030560.1","SWE","Axis2","-0.0394361579596895","2080033190","2080030560"
"X2080033320.2080030560.1","SWE","Axis2","-0.0578063970068557","2080033320","2080030560"
"X2080030630.2080030610.1","SWE","Axis2","0.0523546001551612","2080030630","2080030610"
"X2080030660.2080030610.1","SWE","Axis2","0.314384865448304","2080030660","2080030610"
"X2080030710.2080030610.1","SWE","Axis2","-0.00751426282222078","2080030710","2080030610"
"X2080030760.2080030610.1","SWE","Axis2","-0.0882237550043049","2080030760","2080030610"
"X2080031060.2080030610.1","SWE","Axis2","-0.16937686893642","2080031060","2080030610"
"X2080031740.2080030610.1","SWE","Axis2","0.216334010408433","2080031740","2080030610"
"X2080031750.2080030610.1","SWE","Axis2","0.401637600709717","2080031750","2080030610"
"X2080031960.2080030610.1","SWE","Axis2","0.182777974245898","2080031960","2080030610"
"X2080032230.2080030610.1","SWE","Axis2","0.330961416737603","2080032230","2080030610"
"X2080032600.2080030610.1","SWE","Axis2","0.100251450600923","2080032600","2080030610"
"X2080032670.2080030610.1","SWE","Axis2","-0.0517072014931816","2080032670","2080030610"
"X2080032980.2080030610.1","SWE","Axis2","-0.153137042248985","2080032980","2080030610"
"X2080033010.2080030610.1","SWE","Axis2","0.145054001832799","2080033010","2080030610"
"X2080033020.2080030610.1","SWE","Axis2","0.0482870013459545","2080033020","2080030610"
"X2080033080.2080030610.1","SWE","Axis2","0.160634691128385","2080033080","2080030610"
"X2080033090.2080030610.1","SWE","Axis2","0.292819186645273","2080033090","2080030610"
"X2080033120.2080030610.1","SWE","Axis2","0.258479982031225","2080033120","2080030610"
"X2080033190.2080030610.1","SWE","Axis2","-0.421274549892947","2080033190","2080030610"
"X2080033320.2080030610.1","SWE","Axis2","0.153771237247247","2080033320","2080030610"
"X2080030660.2080030630.1","SWE","Axis2","0.65240350753675","2080030660","2080030630"
"X2080030710.2080030630.1","SWE","Axis2","0.35447584391271","2080030710","2080030630"
"X2080030760.2080030630.1","SWE","Axis2","-0.4574892748337","2080030760","2080030630"
"X2080031060.2080030630.1","SWE","Axis2","0.416795509069206","2080031060","2080030630"
"X2080031740.2080030630.1","SWE","Axis2","-0.183649740103295","2080031740","2080030630"
"X2080031750.2080030630.1","SWE","Axis2","0.518199843911601","2080031750","2080030630"
"X2080031960.2080030630.1","SWE","Axis2","-0.273043941072033","2080031960","2080030630"
"X2080032230.2080030630.1","SWE","Axis2","0.305594914073663","2080032230","2080030630"
"X2080032600.2080030630.1","SWE","Axis2","0.325056940642877","2080032600","2080030630"
"X2080032670.2080030630.1","SWE","Axis2","-0.417833240166337","2080032670","2080030630"
"X2080032980.2080030630.1","SWE","Axis2","-0.112005316163906","2080032980","2080030630"
"X2080033010.2080030630.1","SWE","Axis2","-0.297813073936763","2080033010","2080030630"
"X2080033020.2080030630.1","SWE","Axis2","-0.266655535225802","2080033020","2080030630"
"X2080033080.2080030630.1","SWE","Axis2","-0.00729537419673717","2080033080","2080030630"
"X2080033090.2080030630.1","SWE","Axis2","-0.00861552922115615","2080033090","2080030630"
"X2080033120.2080030630.1","SWE","Axis2","0.379141012344487","2080033120","2080030630"
"X2080033190.2080030630.1","SWE","Axis2","0.0431138710862508","2080033190","2080030630"
"X2080033320.2080030630.1","SWE","Axis2","0.145295330378178","2080033320","2080030630"
"X2080030710.2080030660.1","SWE","Axis2","0.499940429133469","2080030710","2080030660"
"X2080030760.2080030660.1","SWE","Axis2","-0.560266670873088","2080030760","2080030660"
"X2080031060.2080030660.1","SWE","Axis2","0.167473472265091","2080031060","2080030660"
"X2080031740.2080030660.1","SWE","Axis2","0.371943288162627","2080031740","2080030660"
"X2080031750.2080030660.1","SWE","Axis2","0.260699242039488","2080031750","2080030660"
"X2080031960.2080030660.1","SWE","Axis2","0.183751277522009","2080031960","2080030660"
"X2080032230.2080030660.1","SWE","Axis2","0.234525470270684","2080032230","2080030660"
"X2080032600.2080030660.1","SWE","Axis2","0.719508089826449","2080032600","2080030660"
"X2080032670.2080030660.1","SWE","Axis2","-0.072092766043609","2080032670","2080030660"
"X2080032980.2080030660.1","SWE","Axis2","-0.187588886437118","2080032980","2080030660"
"X2080033010.2080030660.1","SWE","Axis2","0.0654437023853616","2080033010","2080030660"
"X2080033020.2080030660.1","SWE","Axis2","-0.120928321662633","2080033020","2080030660"
"X2080033080.2080030660.1","SWE","Axis2","0.331870370881036","2080033080","2080030660"
"X2080033090.2080030660.1","SWE","Axis2","-0.298371279190301","2080033090","2080030660"
"X2080033120.2080030660.1","SWE","Axis2","0.274653094919109","2080033120","2080030660"
"X2080033190.2080030660.1","SWE","Axis2","-0.405291658752969","2080033190","2080030660"
"X2080033320.2080030660.1","SWE","Axis2","0.312676096340811","2080033320","2080030660"
"X2080030760.2080030710.1","SWE","Axis2","-0.395888940172101","2080030760","2080030710"
"X2080031060.2080030710.1","SWE","Axis2","-0.145076975166212","2080031060","2080030710"
"X2080031740.2080030710.1","SWE","Axis2","-0.0277707522111821","2080031740","2080030710"
"X2080031750.2080030710.1","SWE","Axis2","0.177998667578139","2080031750","2080030710"
"X2080031960.2080030710.1","SWE","Axis2","0.542522611507013","2080031960","2080030710"
"X2080032230.2080030710.1","SWE","Axis2","0.202882964895411","2080032230","2080030710"
"X2080032600.2080030710.1","SWE","Axis2","0.317411912653845","2080032600","2080030710"
"X2080032670.2080030710.1","SWE","Axis2","-0.714282205768918","2080032670","2080030710"
"X2080032980.2080030710.1","SWE","Axis2","0.414959825211882","2080032980","2080030710"
"X2080033010.2080030710.1","SWE","Axis2","0.05248506981089","2080033010","2080030710"
"X2080033020.2080030710.1","SWE","Axis2","0.221880603051566","2080033020","2080030710"
"X2080033080.2080030710.1","SWE","Axis2","0.0171168070838628","2080033080","2080030710"
"X2080033090.2080030710.1","SWE","Axis2","0.128025178267963","2080033090","2080030710"
"X2080033120.2080030710.1","SWE","Axis2","-0.134099659231172","2080033120","2080030710"
"X2080033190.2080030710.1","SWE","Axis2","-0.126418173770085","2080033190","2080030710"
"X2080033320.2080030710.1","SWE","Axis2","0.480628561787378","2080033320","2080030710"
"X2080031060.2080030760.1","SWE","Axis2","-0.012715052381073","2080031060","2080030760"
"X2080031740.2080030760.1","SWE","Axis2","-0.309260528422951","2080031740","2080030760"
"X2080031750.2080030760.1","SWE","Axis2","0.118300804047534","2080031750","2080030760"
"X2080031960.2080030760.1","SWE","Axis2","-0.523451950170962","2080031960","2080030760"
"X2080032230.2080030760.1","SWE","Axis2","0.397008870694809","2080032230","2080030760"
"X2080032600.2080030760.1","SWE","Axis2","-0.5269648349586","2080032600","2080030760"
"X2080032670.2080030760.1","SWE","Axis2","0.313576994604478","2080032670","2080030760"
"X2080032980.2080030760.1","SWE","Axis2","0.0380691751641582","2080032980","2080030760"
"X2080033010.2080030760.1","SWE","Axis2","0.353868896509723","2080033010","2080030760"
"X2080033020.2080030760.1","SWE","Axis2","-0.101292630698951","2080033020","2080030760"
"X2080033080.2080030760.1","SWE","Axis2","-0.345646524300821","2080033080","2080030760"
"X2080033090.2080030760.1","SWE","Axis2","-0.147576313325276","2080033090","2080030760"
"X2080033120.2080030760.1","SWE","Axis2","-0.507234513309436","2080033120","2080030760"
"X2080033190.2080030760.1","SWE","Axis2","0.12026028161936","2080033190","2080030760"
"X2080033320.2080030760.1","SWE","Axis2","0.129186809596377","2080033320","2080030760"
"X2080031740.2080031060.1","SWE","Axis2","0.0614600496318436","2080031740","2080031060"
"X2080031750.2080031060.1","SWE","Axis2","0.135052732045113","2080031750","2080031060"
"X2080031960.2080031060.1","SWE","Axis2","-0.332249097834381","2080031960","2080031060"
"X2080032230.2080031060.1","SWE","Axis2","0.358800332436737","2080032230","2080031060"
"X2080032600.2080031060.1","SWE","Axis2","-0.273707803765171","2080032600","2080031060"
"X2080032670.2080031060.1","SWE","Axis2","0.217563463305852","2080032670","2080031060"
"X2080032980.2080031060.1","SWE","Axis2","-0.397613990734151","2080032980","2080031060"
"X2080033010.2080031060.1","SWE","Axis2","-0.601771306632509","2080033010","2080031060"
"X2080033020.2080031060.1","SWE","Axis2","-0.725120032890792","2080033020","2080031060"
"X2080033080.2080031060.1","SWE","Axis2","-0.121991654112573","2080033080","2080031060"
"X2080033090.2080031060.1","SWE","Axis2","-0.504806224219586","2080033090","2080031060"
"X2080033120.2080031060.1","SWE","Axis2","0.105962414365655","2080033120","2080031060"
"X2080033190.2080031060.1","SWE","Axis2","-0.126265520868678","2080033190","2080031060"
"X2080033320.2080031060.1","SWE","Axis2","-0.552121547816595","2080033320","2080031060"
"X2080031750.2080031740.1","SWE","Axis2","-0.391044512332032","2080031750","2080031740"
"X2080031960.2080031740.1","SWE","Axis2","0.407036767340249","2080031960","2080031740"
"X2080032230.2080031740.1","SWE","Axis2","-0.327496189629917","2080032230","2080031740"
"X2080032600.2080031740.1","SWE","Axis2","0.443096623549973","2080032600","2080031740"
"X2080032670.2080031740.1","SWE","Axis2","0.549222513316246","2080032670","2080031740"
"X2080032980.2080031740.1","SWE","Axis2","0.138322444029814","2080032980","2080031740"
"X2080033010.2080031740.1","SWE","Axis2","0.143864541989497","2080033010","2080031740"
"X2080033020.2080031740.1","SWE","Axis2","-0.418343555164084","2080033020","2080031740"
"X2080033080.2080031740.1","SWE","Axis2","0.357810864673695","2080033080","2080031740"
"X2080033090.2080031740.1","SWE","Axis2","-0.551909794942448","2080033090","2080031740"
"X2080033120.2080031740.1","SWE","Axis2","-0.101406219351292","2080033120","2080031740"
"X2080033190.2080031740.1","SWE","Axis2","-0.761626345307734","2080033190","2080031740"
"X2080033320.2080031740.1","SWE","Axis2","0.0605211749525589","2080033320","2080031740"
"X2080031960.2080031750.1","SWE","Axis2","-0.146430003640606","2080031960","2080031750"
"X2080032230.2080031750.1","SWE","Axis2","0.481618111284591","2080032230","2080031750"
"X2080032600.2080031750.1","SWE","Axis2","-0.204613552700916","2080032600","2080031750"
"X2080032670.2080031750.1","SWE","Axis2","-0.363077275217203","2080032670","2080031750"
"X2080032980.2080031750.1","SWE","Axis2","-0.187675806769639","2080032980","2080031750"
"X2080033010.2080031750.1","SWE","Axis2","-0.153977106426194","2080033010","2080031750"
"X2080033020.2080031750.1","SWE","Axis2","-0.243411635468032","2080033020","2080031750"
"X2080033080.2080031750.1","SWE","Axis2","-0.540035083062869","2080033080","2080031750"
"X2080033090.2080031750.1","SWE","Axis2","0.28867179501529","2080033090","2080031750"
"X2080033120.2080031750.1","SWE","Axis2","0.321605707088564","2080033120","2080031750"
"X2080033190.2080031750.1","SWE","Axis2","0.223985312231926","2080033190","2080031750"
"X2080033320.2080031750.1","SWE","Axis2","0.383579745194793","2080033320","2080031750"
"X2080032230.2080031960.1","SWE","Axis2","-0.394702564565182","2080032230","2080031960"
"X2080032600.2080031960.1","SWE","Axis2","0.120693368123648","2080032600","2080031960"
"X2080032670.2080031960.1","SWE","Axis2","-0.256283896487455","2080032670","2080031960"
"X2080032980.2080031960.1","SWE","Axis2","0.186195206892977","2080032980","2080031960"
"X2080033010.2080031960.1","SWE","Axis2","-0.0197213863437483","2080033010","2080031960"
"X2080033020.2080031960.1","SWE","Axis2","0.228546330347574","2080033020","2080031960"
"X2080033080.2080031960.1","SWE","Axis2","-0.00485496425307833","2080033080","2080031960"
"X2080033090.2080031960.1","SWE","Axis2","0.238831555940695","2080033090","2080031960"
"X2080033120.2080031960.1","SWE","Axis2","0.000342977756799113","2080033120","2080031960"
"X2080033190.2080031960.1","SWE","Axis2","-0.170875299701926","2080033190","2080031960"
"X2080033320.2080031960.1","SWE","Axis2","0.122186874710379","2080033320","2080031960"
"X2080032600.2080032230.1","SWE","Axis2","-0.0705160374045542","2080032600","2080032230"
"X2080032670.2080032230.1","SWE","Axis2","-0.194362884417879","2080032670","2080032230"
"X2080032980.2080032230.1","SWE","Axis2","-0.0877293802509358","2080032980","2080032230"
"X2080033010.2080032230.1","SWE","Axis2","-0.0891345111822311","2080033010","2080032230"
"X2080033020.2080032230.1","SWE","Axis2","-0.121231781357267","2080033020","2080032230"
"X2080033080.2080032230.1","SWE","Axis2","0.0941215602010848","2080033080","2080032230"
"X2080033090.2080032230.1","SWE","Axis2","-0.18574844882567","2080033090","2080032230"
"X2080033120.2080032230.1","SWE","Axis2","0.0370390407546086","2080033120","2080032230"
"X2080033190.2080032230.1","SWE","Axis2","-0.261137608328601","2080033190","2080032230"
"X2080033320.2080032230.1","SWE","Axis2","0.0706027686141257","2080033320","2080032230"
"X2080032670.2080032600.1","SWE","Axis2","0.0436801865318022","2080032670","2080032600"
"X2080032980.2080032600.1","SWE","Axis2","0.189493199877246","2080032980","2080032600"
"X2080033010.2080032600.1","SWE","Axis2","0.225753922337885","2080033010","2080032600"
"X2080033020.2080032600.1","SWE","Axis2","0.169456019240706","2080033020","2080032600"
"X2080033080.2080032600.1","SWE","Axis2","0.727618563228083","2080033080","2080032600"
"X2080033090.2080032600.1","SWE","Axis2","-0.334189348156887","2080033090","2080032600"
"X2080033120.2080032600.1","SWE","Axis2","0.280132611729514","2080033120","2080032600"
"X2080033190.2080032600.1","SWE","Axis2","-0.488781071565429","2080033190","2080032600"
"X2080033320.2080032600.1","SWE","Axis2","0.367662064181531","2080033320","2080032600"
"X2080032980.2080032670.1","SWE","Axis2","-0.376153359767217","2080032980","2080032670"
"X2080033010.2080032670.1","SWE","Axis2","0.184492004269104","2080033010","2080032670"
"X2080033020.2080032670.1","SWE","Axis2","-0.395358128639066","2080033020","2080032670"
"X2080033080.2080032670.1","SWE","Axis2","0.155569833569248","2080033080","2080032670"
"X2080033090.2080032670.1","SWE","Axis2","-0.654254451564974","2080033090","2080032670"
"X2080033120.2080032670.1","SWE","Axis2","-0.109034440726185","2080033120","2080032670"
"X2080033190.2080032670.1","SWE","Axis2","-0.291282024322881","2080033190","2080032670"
"X2080033320.2080032670.1","SWE","Axis2","-0.260823216164586","2080033320","2080032670"
"X2080033010.2080032980.1","SWE","Axis2","0.161764239898971","2080033010","2080032980"
"X2080033020.2080032980.1","SWE","Axis2","0.0150441757296847","2080033020","2080032980"
"X2080033080.2080032980.1","SWE","Axis2","0.115713142655811","2080033080","2080032980"
"X2080033090.2080032980.1","SWE","Axis2","0.019199298428344","2080033090","2080032980"
"X2080033120.2080032980.1","SWE","Axis2","-0.330796303210312","2080033120","2080032980"
"X2080033190.2080032980.1","SWE","Axis2","-0.327207803303695","2080033190","2080032980"
"X2080033320.2080032980.1","SWE","Axis2","0.510681449605745","2080033320","2080032980"
"X2080033020.2080033010.1","SWE","Axis2","0.372249442645757","2080033020","2080033010"
"X2080033080.2080033010.1","SWE","Axis2","0.00481445306312514","2080033080","2080033010"
"X2080033090.2080033010.1","SWE","Axis2","0.0453242141964486","2080033090","2080033010"
"X2080033120.2080033010.1","SWE","Axis2","-0.646715478788888","2080033120","2080033010"
"X2080033190.2080033010.1","SWE","Axis2","-0.0441857293606305","2080033190","2080033010"
"X2080033320.2080033010.1","SWE","Axis2","0.621956651734574","2080033320","2080033010"
"X2080033080.2080033020.1","SWE","Axis2","0.273468403178946","2080033080","2080033020"
"X2080033090.2080033020.1","SWE","Axis2","0.588594056153418","2080033090","2080033020"
"X2080033120.2080033020.1","SWE","Axis2","-0.00458261720446422","2080033120","2080033020"
"X2080033190.2080033020.1","SWE","Axis2","0.356131693199303","2080033190","2080033020"
"X2080033320.2080033020.1","SWE","Axis2","0.0930049418195756","2080033320","2080033020"
"X2080033090.2080033080.1","SWE","Axis2","-0.334820833102024","2080033090","2080033080"
"X2080033120.2080033080.1","SWE","Axis2","0.286758058728446","2080033120","2080033080"
"X2080033190.2080033080.1","SWE","Axis2","-0.609977217906124","2080033190","2080033080"
"X2080033320.2080033080.1","SWE","Axis2","-0.180180864441142","2080033320","2080033080"
"X2080033120.2080033090.1","SWE","Axis2","0.123834034565306","2080033120","2080033090"
"X2080033190.2080033090.1","SWE","Axis2","0.574576023669735","2080033190","2080033090"
"X2080033320.2080033090.1","SWE","Axis2","0.0804065606871639","2080033320","2080033090"
"X2080033190.2080033120.1","SWE","Axis2","0.0160892577382885","2080033190","2080033120"
"X2080033320.2080033120.1","SWE","Axis2","-0.280549693374791","2080033320","2080033120"
"X2080033320.2080033190.1","SWE","Axis2","-0.102619456214224","2080033320","2080033190"
"X5080070390.5080070260","AUS","Axis1","0.90871181127545","5080070390","5080070260"
"X5080070440.5080070260","AUS","Axis1","0.544545515519659","5080070440","5080070260"
"X5080070440.5080070390","AUS","Axis1","0.67116235148124","5080070440","5080070390"
"X5080070390.5080070260.1","AUS","Axis2","-0.0196739412145846","5080070390","5080070260"
"X5080070440.5080070260.1","AUS","Axis2","0.399418341145059","5080070440","5080070260"
"X5080070440.5080070390.1","AUS","Axis2","0.34744785987635","5080070440","5080070390"
"X7080049270.7080047060","USA","Axis1","0.385017788495969","7080049270","7080047060"
"X7080049270.7080047060.1","USA","Axis2","0.0791755586922023","7080049270","7080047060"
